,0
0,81220
1,81220
2,
3,
4,
5,
6,
7,81136
8,
9,81321
10,81327
11,81327
12,81327
13,81327
14,
15,
16,
17,81301
18,81327
19,81328-9151
20,81301
21,81327
22,
23,
24,
25,
26,
27,
28,
29,80446
30,
31,80735
32,81137
33,
34,
35,
36,
37,
38,
39,
40,81334
41,81334
42,
43,
44,
45,
46,
47,
48,
49,
50,
51,
52,
53,80926
54,80926
55,80926
56,80817
57,
58,8017
59,
60,
61,80468
62,
63,
64,
65,80022
66,80239
67,80024
68,81144
69,
70,
71,
72,
73,
74,
75,
76,
77,81101
78,81101
79,81101
80,
81,
82,81413
83,
84,
85,
86,
87,
88,
89,
90,
91,81427-0565
92,
93,
94,
95,
96,
97,
98,81241
99,
100,
101,
102,
103,
104,81224
105,
106,
107,
108,
109,
110,
111,81210
112,
113,
114,
115,81641
116,
117,
118,
119,
120,
121,
122,
123,
124,
125,
126,
127,
128,
129,81140
130,
131,
132,
133,81144
134,
135,
136,
137,
138,
139,
140,81154
141,81132
142,
143,
144,
145,
146,
147,
148,81131
149,
150,80466
151,
152,
153,
154,
155,80446
156,
157,
158,
159,80476
160,80473
161,
162,
163,
164,
165,
166,
167,81251
168,
169,
170,
171,
172,
173,
174,
175,
176,81040
177,80183
178,
179,
180,
181,
182,
183,
184,
185,
186,
187,
188,
189,
190,
191,
192,
193,
194,
195,
196,
197,
198,
199,
200,
201,
202,81147
203,
204,
205,81130
206,
207,
208,
209,
210,
211,
212,
213,
214,81433
215,
216,
217,81642
218,81642
219,81642
220,
221,
222,
223,
224,
225,
226,
227,81649
228,81652
229,
230,81323
231,
232,80423
233,80459
234,
235,
236,80468
237,80468
238,
239,40895
240,
241,
242,
243,80549-1461
244,
245,
246,
247,
248,08442
249,08442
250,08442
251,80468
252,80447
253,80446
254,80446
255,80478
256,08442
257,80447
258,80447
259,80447
260,
261,
262,
263,80480
264,80480
265,
266,80480
267,80480
268,80430
269,80473
270,80430
271,
272,
273,80430
274,
275,80434
276,80434
277,
278,
279,80480
280,80480
281,
282,
283,
284,
285,
286,80473
287,
288,81326
289,81326
290,81329
291,81326
292,
293,81302
294,
295,81302
296,
297,81303
298,81303
299,81301
300,
301,
302,81301
303,
304,81301
305,81301
306,
307,81301
308,
309,81301
310,
311,
312,81301
313,
314,81137
315,81122
316,81137
317,
318,81137
319,81137
320,81137
321,
322,
323,81122
324,
325,
326,81122
327,81303
328,81122
329,
330,
331,81122
332,81137
333,81122
334,
335,81321
336,81321
337,81321
338,81328-9151
339,81321
340,
341,81323
342,81327
343,81321-3299
344,81321
345,81323
346,81323
347,
348,81328
349,81328-9151
350,81328
351,81328-9151
352,
353,81220
354,
355,81401
356,81403
357,81416
358,81425
359,81425
360,81416
361,81425
362,81425
363,81401
364,81403
365,81403
366,81425
367,81401
368,81425
369,81425
370,81403
371,81425
372,81403
373,81403
374,
375,81403
376,81425
377,
378,81403
379,
380,81403
381,81403
382,81424
383,81424
384,81403
385,81403
386,81401
387,81220
388,81220
389,
390,
391,81422
392,81220
393,
394,
395,
396,
397,81431
398,81425
399,81425
400,81425
401,81425
402,81403
403,81425
404,81425
405,
406,81425
407,81403
408,81403
409,
410,81425
411,81424
412,81403
413,81403
414,81403
415,81403
416,81403
417,81403
418,81403
419,81403
420,
421,
422,81411
423,81425
424,81425
425,81401
426,80483
427,80487
428,
429,
430,
431,
432,80487
433,80487
434,
435,80467
436,
437,
438,80487
439,
440,81639
441,
442,80487
443,80488
444,81639
445,
446,80487
447,
448,
449,
450,80428
451,80428
452,
453,81639
454,81639
455,
456,81639
457,81639
458,81639
459,81639
460,81639
461,81639
462,81639
463,
464,
465,
466,80487
467,
468,
469,
470,80428
471,
472,81653
473,
474,80467
475,
476,
477,80487
478,80487
479,80487
480,
481,80477
482,
483,
484,
485,08117
486,80435
487,80435
488,
489,80424
490,
491,
492,80948
493,80487
494,80488
495,80487
496,80487
497,80488
498,80477
499,80477
500,80487
501,80487
502,80487
503,80487
504,80482
505,80482
506,81640
507,
508,
509,
510,
511,80510
512,80510
513,80447
514,
515,
516,
517,
518,
519,81650
520,81650
521,80023
522,80023
523,81625
524,81625
525,81625
526,80434
527,80434
528,
529,80536
530,80536
531,80536
532,80536
533,80536
534,
535,
536,
537,
538,
539,
540,
541,
542,
543,
544,
545,
546,
547,
548,
549,
550,
551,
552,80549
553,80549
554,80648
555,
556,
557,80549
558,
559,
560,80612
561,
562,
563,
564,80437
565,80439
566,80439
567,80439
568,
569,80437
570,
571,
572,80736
573,80736
574,
575,
576,80736
577,80736
578,
579,80747
580,
581,80726
582,80726
583,80726
584,80726
585,
586,
587,
588,
589,80726
590,80726
591,
592,
593,
594,80749
595,80749
596,
597,80726
598,
599,80749
600,80749
601,80749
602,80749
603,80744
604,80744
605,80744
606,80744
607,80744
608,80744
609,
610,80737
611,80737
612,80737
613,80737
614,80737
615,80737
616,80737
617,80737
618,80737
619,80737
620,80737
621,80737
622,80003
623,80221
624,80602
625,
626,80102
627,80602
628,80136
629,80136
630,80105
631,80229
632,80221
633,80136
634,80105
635,
636,80102
637,80024
638,
639,80642
640,80102
641,80102
642,80102
643,
644,80136
645,80136
646,80136
647,80602
648,
649,
650,
651,80640
652,80602
653,80602
654,80602
655,80602
656,80102
657,80136
658,
659,
660,
661,80640
662,80640
663,
664,80640
665,80640
666,80640
667,
668,
669,80701
670,80640
671,80602
672,80601
673,80601
674,80601
675,80602
676,80601
677,
678,
679,
680,
681,
682,80603
683,80601
684,
685,80603
686,80603
687,
688,
689,80603
690,
691,80603
692,80603
693,
694,80643
695,
696,80136
697,
698,80601
699,80654
700,
701,80603
702,80603
703,80603
704,80603
705,80216-8470
706,80221
707,80221
708,
709,80137
710,80102
711,80102
712,80102
713,
714,80136
715,
716,
717,80229
718,80229
719,80229
720,80136
721,80136
722,80103
723,80103
724,80229-7923
725,80229-7923
726,
727,
728,80229-7923
729,
730,
731,80022
732,
733,
734,
735,
736,
737,80229-7923
738,80013
739,80930
740,80930
741,80930
742,80930
743,80930
744,80914
745,80914
746,80914
747,80921
748,80921
749,80841
750,80921
751,
752,80921
753,80921
754,80920
755,80841
756,80841
757,80921
758,
759,80841
760,80921
761,80841
762,80921
763,80921
764,80921
765,80840
766,81020
767,81020
768,81101
769,81147
770,81147
771,81147
772,81147
773,
774,81147
775,
776,
777,81147
778,81121
779,81147
780,
781,81147
782,
783,81147
784,
785,
786,81121
787,80103
788,80137
789,
790,80137
791,80102
792,80103
793,80103
794,80231
795,80231
796,80231
797,80105
798,80105
799,80231
800,80231
801,
802,
803,
804,
805,
806,80136
807,
808,80103
809,80105
810,80231
811,
812,
813,
814,80112
815,80112
816,
817,
818,80103
819,8011
820,80112
821,8011
822,80112
823,80112
824,80102
825,
826,
827,
828,80015
829,80137
830,
831,80003
832,80002
833,80002
834,80003
835,80033-2251
836,80004
837,80403
838,80007
839,80403
840,80007
841,80007
842,80004
843,6210
844,80004
845,80007
846,80004
847,80003
848,80005
849,80005
850,80005
851,80005
852,80003
853,80005
854,80005
855,80005
856,80033-2251
857,80003
858,80003
859,80002
860,80004
861,80033-2251
862,80002
863,80003
864,80033-2251
865,80033-2251
866,80004
867,80004
868,80005
869,80005
870,80005
871,80005
872,80007
873,80007
874,80003
875,80403
876,80033-2251
877,80004
878,80004
879,80004
880,80003
881,80033-2251
882,80003
883,80007
884,80002
885,80004
886,80003
887,80004
888,80004
889,80005
890,80005
891,80003
892,80007
893,80004
894,80003
895,81611
896,81611
897,81611
898,80045
899,80011
900,80019
901,80011
902,80137
903,80010-1425
904,80010-1425
905,80010-1425
906,80011
907,80011
908,80010
909,80011-3316
910,80011
911,80011
912,80011
913,80011
914,80011
915,80011-3316
916,80011-3316
917,80011-3316
918,80010
919,80011
920,80010
921,80011
922,80011
923,80011
924,80018
925,80011
926,80011
927,80011
928,80018
929,170
930,80247-1314
931,80011
932,80012
933,80012-2523
934,80011
935,80011
936,80247-1314
937,80017
938,80017
939,80247-1314
940,80017
941,80017
942,80017
943,80017
944,80247-1314
945,80017
946,80012
947,80012
948,80012-4014
949,80017
950,80013
951,80017
952,80012
953,80013
954,80018
955,80018
956,80017
957,80012
958,80018
959,80013
960,80018
961,80013
962,80013
963,80013
964,80013
965,80013
966,80013
967,80013
968,800013
969,80013
970,80013
971,800013
972,800013
973,80013
974,80015
975,80016
976,80016
977,80016
978,80016
979,80016
980,80016
981,8011
982,80015
983,80016
984,80016
985,80016
986,80016
987,80016
988,80137
989,80019
990,80019
991,81620
992,81620
993,81620
994,81620
995,81620
996,81620
997,
998,81640
999,81640
1000,
1001,
1002,81625
1003,81625
1004,81625
1005,81625
1006,81625
1007,81625
1008,81625
1009,81625
1010,81625
1011,81625
1012,80480
1013,
1014,80430
1015,80480
1016,
1017,
1018,
1019,
1020,80512
1021,80512
1022,80512
1023,80512
1024,80512
1025,80512
1026,80512
1027,80512
1028,80525
1029,80524-1205
1030,80535
1031,80524
1032,80524
1033,80525-9717
1034,80549
1035,80524
1036,80525-9717
1037,80525-9717
1038,80549
1039,80549
1040,80549
1041,80535
1042,80549
1043,80525
1044,80524-8599
1045,80524-8599
1046,80524-8599
1047,80524-8599
1048,80524
1049,80524-8599
1050,80524-8599
1051,80525-9717
1052,80524-8599
1053,80524-8599
1054,80524-8599
1055,80524-8599
1056,80524-8599
1057,80524-8599
1058,80524
1059,80524
1060,80549
1061,80525-3853
1062,
1063,80535
1064,80524-8599
1065,80535-9362
1066,80535
1067,80535
1068,80525
1069,80524-1058
1070,80524
1071,80549
1072,80535
1073,80524-2479
1074,80524
1075,80525
1076,80524
1077,80535
1078,80524
1079,80524-1337
1080,80650
1081,80547-4416
1082,80547-4416
1083,80547-4416
1084,80528
1085,80610
1086,80549
1087,80650
1088,80648
1089,80528-9525
1090,80524
1091,80524-8599
1092,80524
1093,80550
1094,80524-8599
1095,80524-8599
1096,
1097,80524
1098,80549
1099,80528-9527
1100,
1101,
1102,80610
1103,80610
1104,80527
1105,80527
1106,80439
1107,80527
1108,80527
1109,80437
1110,80437
1111,80439
1112,80615
1113,80610
1114,
1115,80610
1116,80615
1117,
1118,80610
1119,80611
1120,80611
1121,80611
1122,
1123,
1124,
1125,80722
1126,
1127,80722
1128,80751
1129,80722
1130,80722
1131,
1132,80722
1133,80752
1134,80751
1135,80722
1136,80722
1137,
1138,
1139,80751
1140,
1141,80751
1142,80751
1143,80722
1144,80722
1145,
1146,
1147,80751
1148,80751
1149,80751
1150,80751
1151,80751
1152,
1153,
1154,80751
1155,80751
1156,80751
1157,
1158,80731
1159,
1160,
1161,80731
1162,80734
1163,80734
1164,80734
1165,80734
1166,80746
1167,80734
1168,81211
1169,81211
1170,81211
1171,81211
1172,
1173,
1174,
1175,
1176,
1177,
1178,81073
1179,81073
1180,
1181,
1182,81064
1183,
1184,
1185,81073
1186,
1187,81073
1188,81073
1189,
1190,
1191,
1192,
1193,
1194,
1195,
1196,
1197,81064
1198,
1199,
1200,
1201,
1202,
1203,81029
1204,81029
1205,81087
1206,81087
1207,
1208,
1209,
1210,
1211,
1212,
1213,
1214,
1215,
1216,81090
1217,
1218,
1219,81090
1220,
1221,81090
1222,
1223,
1224,81054
1225,81054
1226,
1227,
1228,81029
1229,81064
1230,
1231,
1232,
1233,
1234,
1235,
1236,
1237,
1238,
1239,
1240,
1241,
1242,81029
1243,
1244,81621
1245,81621
1246,81621
1247,
1248,
1249,81073
1250,
1251,
1252,81122
1253,
1254,80540
1255,80533
1256,80540
1257,80540
1258,80540
1259,80466
1260,80466
1261,80466
1262,80466
1263,
1264,
1265,80503
1266,80501
1267,
1268,
1269,
1270,80501-6423
1271,
1272,
1273,
1274,80301
1275,80544
1276,80503
1277,80503
1278,80504
1279,80501-6423
1280,80501-6423
1281,80304
1282,80533
1283,80544
1284,80503
1285,80544
1286,80503
1287,80533
1288,80504
1289,80516
1290,80303
1291,80305
1292,80503
1293,80503
1294,80301
1295,80503
1296,80533
1297,
1298,80301
1299,80503
1300,80305
1301,80503
1302,80303-1229
1303,80303-1229
1304,80303
1305,80802
1306,80802
1307,80503
1308,80503
1309,80503
1310,
1311,80305-9998
1312,80305-9998
1313,80026
1314,80540
1315,80540
1316,80540
1317,80540
1318,80510
1319,
1320,
1321,80501-6423
1322,
1323,80481
1324,80503
1325,80503
1326,80301
1327,80303-1229
1328,80303
1329,80027
1330,80302
1331,80466
1332,80513
1333,80513
1334,80513
1335,
1336,80513
1337,80513
1338,86537
1339,80020
1340,80020
1341,80020-3329
1342,80020-3329
1343,80020-3329
1344,80020-3329
1345,
1346,80027
1347,
1348,80027
1349,80027
1350,80027
1351,80020-3329
1352,80023
1353,80023
1354,80023
1355,80020
1356,80020
1357,80023
1358,80023
1359,80020-3329
1360,80027
1361,80020
1362,80027
1363,80234
1364,80234
1365,80023
1366,81123
1367,80422
1368,80427
1369,80427
1370,80422
1371,80422
1372,80422
1373,80422
1374,80302
1375,80802
1376,80302
1377,80302
1378,80309
1379,80304
1380,80301
1381,80301
1382,80310
1383,80310
1384,80309
1385,80309
1386,80303-1229
1387,80303-1229
1388,80304
1389,80304
1390,80305
1391,80310
1392,80305
1393,80310
1394,80302
1395,80802
1396,80301
1397,80301
1398,80303-1229
1399,80303-1229
1400,80303-1229
1401,80303-1229
1402,80303-1229
1403,80303
1404,80305
1405,80301
1406,80303-1229
1407,80302
1408,80305
1409,80303
1410,80304
1411,80304
1412,80301
1413,80304
1414,80301
1415,80309
1416,
1417,80304
1418,80304
1419,80301
1420,80303
1421,80304
1422,80303-1229
1423,80303
1424,80304
1425,
1426,81122
1427,81122
1428,80424
1429,80424
1430,80424
1431,80424
1432,80601
1433,80601
1434,80602
1435,80601
1436,80601
1437,80603
1438,80601
1439,80603
1440,80601
1441,80601
1442,81092
1443,81092
1444,
1445,81054
1446,81054
1447,
1448,
1449,
1450,
1451,
1452,81054
1453,
1454,
1455,81044
1456,81044
1457,81057
1458,81057
1459,81057
1460,
1461,81092
1462,
1463,
1464,
1465,81092
1466,
1467,
1468,
1469,
1470,
1471,81044
1472,
1473,
1474,
1475,
1476,
1477,81054
1478,81092
1479,
1480,
1481,
1482,
1483,81610
1484,
1485,81610
1486,
1487,
1488,81625
1489,
1490,
1491,
1492,81639
1493,81639
1494,81639
1495,81639
1496,81369
1497,80487
1498,80487
1499,80477
1500,80477
1501,
1502,80487
1503,80467
1504,80467
1505,
1506,
1507,
1508,
1509,80430
1510,
1511,
1512,
1513,80473
1514,80517
1515,80517
1516,80517
1517,80517
1518,
1519,
1520,80517-8857
1521,80517-8857
1522,
1523,
1524,80537
1525,80517-8857
1526,
1527,
1528,
1529,
1530,80538
1531,80537
1532,80537
1533,
1534,
1535,
1536,80537-4727
1537,80537
1538,80513-2229
1539,80537
1540,80537
1541,86537
1542,80525-5823
1543,86537
1544,
1545,80610
1546,80537
1547,80537
1548,80513-2229
1549,86537
1550,80537
1551,80537
1552,80538-2721
1553,80538
1554,80537
1555,80537-4228
1556,80537-3128
1557,80537-4228
1558,80513
1559,80542
1560,80513
1561,
1562,
1563,80364
1564,80543
1565,80534
1566,80534-8740
1567,
1568,80538-8839
1569,80537
1570,80534-8740
1571,80534-8740
1572,80543
1573,80543
1574,80534-8740
1575,80534-8740
1576,80538
1577,80550
1578,80550
1579,80534-6438
1580,80550
1581,80534-8739
1582,80528-9525
1583,80534-8739
1584,80534-8740
1585,80550-5129
1586,80534-8740
1587,80534-8739
1588,80538-8839
1589,80538-8839
1590,80537
1591,80538-8839
1592,80534
1593,80538-9013
1594,80538-8839
1595,80538-7074
1596,80538-7074
1597,80634-8412
1598,80634-8412
1599,80550-5129
1600,80534
1601,
1602,80528-9525
1603,80528
1604,80543
1605,
1606,
1607,80634-8412
1608,80634-8412
1609,80534
1610,80534
1611,80543
1612,
1613,80543
1614,80543
1615,80646
1616,80645
1617,80631-6948
1618,80631-6948
1619,80631-6948
1620,80622
1621,80631-6948
1622,80631-6948
1623,80646
1624,80646
1625,80646
1626,80631
1627,80631
1628,80646
1629,80646
1630,80631
1631,80631-6948
1632,80631-6948
1633,80631-6948
1634,80622
1635,80631-6948
1636,80631-6948
1637,80631-6948
1638,80631-6948
1639,80645
1640,80645
1641,
1642,80631
1643,80631
1644,
1645,80645
1646,80631
1647,80646
1648,80646
1649,80457
1650,80439
1651,80527
1652,80439
1653,
1654,80644
1655,
1656,
1657,
1658,
1659,80653
1660,
1661,
1662,
1663,
1664,80701
1665,80705
1666,80705
1667,
1668,
1669,80705
1670,80701
1671,80701
1672,80653
1673,80701
1674,80701
1675,80701
1676,
1677,80701
1678,80705
1679,80705
1680,80705
1681,80705
1682,80723
1683,80723
1684,80723
1685,
1686,
1687,
1688,
1689,
1690,80723
1691,
1692,
1693,
1694,
1695,
1696,80723
1697,
1698,
1699,
1700,80723
1701,80723
1702,80723
1703,80723
1704,80723
1705,80723
1706,80723
1707,80723
1708,80723
1709,
1710,
1711,
1712,80750
1713,80741
1714,80733
1715,
1716,80733
1717,80733
1718,
1719,
1720,
1721,
1722,
1723,80741
1724,80741
1725,80741
1726,80403
1727,80743
1728,80743
1729,
1730,
1731,
1732,80808
1733,80109
1734,80104
1735,80108
1736,80108
1737,80104
1738,
1739,80108
1740,170
1741,80108
1742,80108
1743,80108
1744,80104
1745,80104
1746,80104
1747,80109
1748,80109
1749,80104
1750,80109
1751,80109
1752,80109
1753,80104
1754,80104
1755,80104
1756,80184
1757,80104
1758,80184
1759,80184
1760,80104
1761,80108
1762,80108
1763,81212
1764,81212
1765,
1766,81212
1767,81212
1768,81212
1769,81212
1770,81212
1771,81212
1772,80254
1773,80427
1774,80122
1775,80122
1776,80122
1777,80122
1778,80121
1779,80121
1780,80121
1781,80122
1782,801111
1783,801112
1784,80112
1785,80112
1786,80015
1787,80121
1788,80121
1789,80111
1790,80111
1791,80121
1792,8011
1793,801111
1794,80121
1795,80112
1796,8011
1797,80122
1798,
1799,
1800,80122
1801,80121
1802,801112
1803,80112
1804,80111
1805,8011
1806,800013
1807,80015
1808,80015
1809,80015
1810,81125
1811,81044
1812,81082
1813,
1814,81201
1815,81201
1816,81201
1817,81201
1818,81201
1819,81201
1820,81201
1821,81236
1822,81236
1823,81236
1824,81236
1825,81201
1826,81201
1827,81201
1828,
1829,
1830,81242
1831,81201
1832,81201
1833,81201
1834,81236
1835,
1836,
1837,81211
1838,81211
1839,81211
1840,81211
1841,81211
1842,81211
1843,81211
1844,81211
1845,81211
1846,81211
1847,81211
1848,81211
1849,81211
1850,
1851,81211
1852,80113
1853,80113
1854,80113
1855,80438
1856,80438
1857,80254
1858,80439
1859,80436
1860,80436
1861,81221
1862,80123
1863,80123
1864,80123
1865,81624
1866,81624
1867,81624
1868,80216-8470
1869,80216
1870,80266
1871,80266
1872,80640
1873,80603
1874,
1875,
1876,
1877,80640
1878,80640
1879,80640
1880,80601
1881,80640
1882,80640
1883,80601
1884,
1885,80640
1886,
1887,80640
1888,80601
1889,
1890,81140
1891,81120
1892,81120
1893,81120
1894,81120
1895,
1896,81140
1897,81120
1898,81140
1899,81140
1900,
1901,81124
1902,
1903,
1904,81120
1905,81120
1906,
1907,
1908,
1909,
1910,81140
1911,81141
1912,81120
1913,81141
1914,81140
1915,81124
1916,81140
1917,81141
1918,81124
1919,81141
1920,81140
1921,81151
1922,
1923,
1924,
1925,81151
1926,81151
1927,
1928,
1929,81224
1930,81224
1931,81224
1932,81625
1933,81625
1934,81625
1935,81625
1936,81625
1937,81625
1938,81625
1939,81625
1940,81625
1941,81063
1942,81062
1943,81062
1944,81034
1945,81062
1946,81063
1947,81033
1948,81063
1949,81034
1950,81063
1951,81062
1952,81033
1953,81033
1954,
1955,81062
1956,81076
1957,81130
1958,81130
1959,81130
1960,81131
1961,80081
1962,81138
1963,81152
1964,81126
1965,81126
1966,81126
1967,81126
1968,81126
1969,
1970,81152
1971,81152
1972,
1973,81152
1974,81126
1975,81126
1976,81134
1977,81151
1978,08113
1979,81133
1980,81111
1981,81133
1982,81133
1983,
1984,80906
1985,80905
1986,80829
1987,80905
1988,80919
1989,80905
1990,80904
1991,80904
1992,80904
1993,80904
1994,80904
1995,80904
1996,80919
1997,80904
1998,80919
1999,80905
2000,80919
2001,80919
2002,80919
2003,80907
2004,80919
2005,80904
2006,80905
2007,80906
2008,80919
2009,80906
2010,80709
2011,80907
2012,80919
2013,80919
2014,80905
2015,80905
2016,80907
2017,80907
2018,80905
2019,80907
2020,80905
2021,80919
2022,80709
2023,80903
2024,80907
2025,80903
2026,80906
2027,80905
2028,80903
2029,80903
2030,80903
2031,80905
2032,80709
2033,80903
2034,80907
2035,80906
2036,80905
2037,80906
2038,80903
2039,80906
2040,80906
2041,80709
2042,80903
2043,80709
2044,80906
2045,80905
2046,80905
2047,80919
2048,80905
2049,80905
2050,80709
2051,80907
2052,80907
2053,80907
2054,80918
2055,80919
2056,80903
2057,80905
2058,80903
2059,80920
2060,80906
2061,80920
2062,80906
2063,80903
2064,80919
2065,80903
2066,80903
2067,80903
2068,80903
2069,80906
2070,80903
2071,80918
2072,80903
2073,80903
2074,80906
2075,80906
2076,80903
2077,80903
2078,80907
2079,80903
2080,80907
2081,80903
2082,80921
2083,80920
2084,80920
2085,80920
2086,80918
2087,80907
2088,80920
2089,80920
2090,80921
2091,80918
2092,80910
2093,80910
2094,80920
2095,80918
2096,80907
2097,80920
2098,80918
2099,80907
2100,80907
2101,80907
2102,80910
2103,80910
2104,80907
2105,80910
2106,80910
2107,80910
2108,80910
2109,80918
2110,80918
2111,80918
2112,80910
2113,80910
2114,80910
2115,80918
2116,80909
2117,80917
2118,80916
2119,80916
2120,80910
2121,80909
2122,80916
2123,80916
2124,80910
2125,80909
2126,80909
2127,80909
2128,80911
2129,80909
2130,80916
2131,80916
2132,80909
2133,80910
2134,80918
2135,80916
2136,80909
2137,80916
2138,80916
2139,80909
2140,80916
2141,80923
2142,80917
2143,80915
2144,80915
2145,80916
2146,80916
2147,80923
2148,80923
2149,80923
2150,80917
2151,80920
2152,80915
2153,80915
2154,80923
2155,80924
2156,80916
2157,80915
2158,80915
2159,80916
2160,80923
2161,80914
2162,80916
2163,80915
2164,80915
2165,80922
2166,80924
2167,80922
2168,80922
2169,80922
2170,80922
2171,80922
2172,80927
2173,80924
2174,80922
2175,80922
2176,80922
2177,80908
2178,80927
2179,80927
2180,80925
2181,80809
2182,80925
2183,80925
2184,80925
2185,80925
2186,80912
2187,80925
2188,81138
2189,81133
2190,
2191,81126
2192,
2193,
2194,81152
2195,81152
2196,08113
2197,
2198,81133
2199,
2200,81253
2201,
2202,
2203,81253
2204,81252
2205,81253
2206,
2207,
2208,
2209,
2210,
2211,
2212,
2213,
2214,80802
2215,
2216,
2217,
2218,
2219,
2220,
2221,
2222,
2223,
2224,
2225,
2226,
2227,80810
2228,
2229,80810
2230,
2231,80217
2232,80217
2233,80217
2234,80217
2235,80202
2236,80217
2237,80217
2238,80217
2239,80217
2240,80217
2241,80204
2242,80217
2243,80217
2244,80204
2245,80217
2246,80273
2247,80273
2248,80273
2249,80273
2250,80203
2251,80203
2252,80273
2253,80273
2254,80203
2255,80273
2256,80273
2257,80218
2258,80218
2259,80218
2260,80209
2261,80209
2262,80246-2732
2263,80224
2264,80224
2265,80224
2266,81648
2267,81610
2268,81648
2269,81610
2270,81648
2271,
2272,
2273,81641
2274,
2275,80216
2276,80216
2277,80216
2278,80216
2279,80202
2280,80217
2281,80217
2282,80217
2283,80204
2284,80204
2285,80204
2286,80223
2287,80219
2288,80113-1525
2289,
2290,81648
2291,80221
2292,80216
2293,80216
2294,80216
2295,80216
2296,80216
2297,80202
2298,80202
2299,80202
2300,80202
2301,80202
2302,80202
2303,80217
2304,80204
2305,80273
2306,80273
2307,80219-1535
2308,80223
2309,80204
2310,80238
2311,89238
2312,80266
2313,80266
2314,80238
2315,80238
2316,80266
2317,80238
2318,80266
2319,80202
2320,80216
2321,80294
2322,80217
2323,80217
2324,80219-1535
2325,80223
2326,80223
2327,802377
2328,802377
2329,80202
2330,80202
2331,
2332,81641
2333,81641
2334,81641
2335,81641
2336,81641
2337,80202
2338,80217
2339,80217
2340,80010-1425
2341,80202
2342,80216
2343,80483
2344,
2345,80479
2346,80483
2347,80002
2348,80469
2349,80483
2350,80470
2351,
2352,80222
2353,80222
2354,80222
2355,80224
2356,80224
2357,80231
2358,80224
2359,80231
2360,80231
2361,80231
2362,80247-2121
2363,80247
2364,80239
2365,80239
2366,80239
2367,80549-1461
2368,80224
2369,80224
2370,80224
2371,80224
2372,80224
2373,80224
2374,80224
2375,80224
2376,80231
2377,80224
2378,80231
2379,80237
2380,80237
2381,802377
2382,80111
2383,80459
2384,80459
2385,80549-1461
2386,80459
2387,
2388,
2389,
2390,80451
2391,80451
2392,80451
2393,80219
2394,80223
2395,80451
2396,80447
2397,
2398,80446
2399,80446
2400,80113-1525
2401,80210
2402,80208
2403,80210
2404,80208
2405,80210
2406,80210
2407,80210
2408,80210
2409,80210
2410,80210
2411,80210
2412,80210
2413,80210
2414,80210
2415,80210
2416,80210
2417,80210
2418,80210
2419,80201
2420,80201
2421,80210
2422,80201
2423,80446
2424,80446
2425,80446
2426,80466
2427,80510
2428,80540
2429,
2430,80802
2431,80309
2432,80303
2433,80309
2434,80303
2435,80309
2436,80310
2437,80304
2438,80540
2439,80540
2440,80302
2441,80503
2442,80540
2443,80309
2444,80310
2445,80302
2446,80305
2447,80802
2448,80466
2449,80540
2450,80302
2451,80454
2452,804233
2453,80301
2454,80544
2455,80501-2038
2456,80026
2457,80501-6423
2458,80301
2459,80504
2460,80303-1229
2461,80303
2462,80303
2463,80303-1229
2464,80303-1229
2465,80303-1229
2466,80303-1229
2467,80303-1229
2468,80501
2469,
2470,80303-1229
2471,80301
2472,80301
2473,80303-1229
2474,80303-1229
2475,80303-1229
2476,80303-1229
2477,80303-1229
2478,80516
2479,80504
2480,80026
2481,80026
2482,80303-1229
2483,80504
2484,80515
2485,80501-6423
2486,80501-6423
2487,80501-6423
2488,80501-6423
2489,80501
2490,80501-6423
2491,80303-1229
2492,80303-1229
2493,80301
2494,80214-1801
2495,80204
2496,80204
2497,80204
2498,80204
2499,80204
2500,80503
2501,80544
2502,80515
2503,80515
2504,80515
2505,80544
2506,80514-8502
2507,80514
2508,80621
2509,80530
2510,80514-8502
2511,80514-8502
2512,80514
2513,80504-7613
2514,80504-7613
2515,80542
2516,80542
2517,80542
2518,80651
2519,80621
2520,80651
2521,80621
2522,80504-5510
2523,80504
2524,80514-8502
2525,80514-8502
2526,80514
2527,80514
2528,80514-8502
2529,80514-8502
2530,80514-8502
2531,80504-3546
2532,80514-8502
2533,80504-3546
2534,80514
2535,80504-8601
2536,80504-6311
2537,80504-6311
2538,80504-6311
2539,80504-6311
2540,80621
2541,
2542,80621
2543,80621
2544,80219
2545,80219
2546,80219
2547,80219
2548,80219
2549,80219
2550,80219
2551,80219
2552,80219
2553,80219
2554,80219
2555,80204
2556,80204
2557,
2558,80643
2559,
2560,80642
2561,20343
2562,20343
2563,20343
2564,20343
2565,80621
2566,80603
2567,80642
2568,80642
2569,80642
2570,80642
2571,80642
2572,80642
2573,
2574,
2575,80642
2576,80642
2577,
2578,80642
2579,80642
2580,80642
2581,20343
2582,80453
2583,80652
2584,80652
2585,80652
2586,80652
2587,80652
2588,20343
2589,20343
2590,80652
2591,80652
2592,80266
2593,80010-1425
2594,
2595,80654
2596,80654
2597,80654
2598,80654
2599,80654
2600,80654
2601,80654
2602,80654
2603,80652
2604,80654
2605,80654
2606,80654
2607,80654
2608,80654
2609,
2610,80654
2611,80239
2612,80238
2613,80238
2614,80239
2615,80239
2616,80238
2617,80238
2618,80238
2619,80266
2620,80266
2621,80654
2622,
2623,80701
2624,
2625,80220
2626,80220
2627,89238
2628,80238
2629,80238
2630,
2631,80720
2632,80743
2633,
2634,80720
2635,80720
2636,80759
2637,80743
2638,80743
2639,80011-3316
2640,80011-3316
2641,80011-3316
2642,80011-3316
2643,80249
2644,80019
2645,80019
2646,80019
2647,80019
2648,80249
2649,
2650,80235
2651,80235
2652,80235
2653,80235
2654,80236
2655,80758
2656,80465
2657,80465
2658,80437
2659,80437
2660,80437
2661,80527
2662,
2663,
2664,80202
2665,80202
2666,89238
2667,89238
2668,80266
2669,80238
2670,80266
2671,80758
2672,80758
2673,80758
2674,80758
2675,80011-3316
2676,80011-3316
2677,80011-3316
2678,80011-3316
2679,80239
2680,80011-3316
2681,80019
2682,80019
2683,80019
2684,80019
2685,80249
2686,80249
2687,80249
2688,80249
2689,80249
2690,80249
2691,80249
2692,80249
2693,80249
2694,80249
2695,
2696,80249
2697,
2698,
2699,
2700,
2701,
2702,80249
2703,
2704,80249
2705,80249
2706,80249
2707,80249
2708,80249
2709,80249
2710,80249
2711,80249
2712,80249
2713,
2714,80249
2715,80249
2716,80249
2717,80249
2718,80249
2719,80249
2720,80249
2721,80249
2722,80249
2723,80249
2724,80019
2725,80470
2726,80514
2727,80902
2728,80902
2729,80913
2730,80913
2731,80913
2732,80913
2733,80902
2734,80913
2735,81416
2736,81416
2737,81416
2738,81410
2739,81414
2740,81419
2741,81419
2742,81415
2743,81419
2744,81415
2745,81415
2746,81428
2747,81428
2748,81428
2749,81428
2750,
2751,81416
2752,
2753,81416
2754,81416
2755,81416
2756,
2757,
2758,
2759,81419
2760,81418
2761,81428
2762,81419
2763,81428
2764,81413
2765,81416
2766,81416
2767,81416
2768,81413
2769,81324
2770,
2771,
2772,
2773,
2774,80125
2775,80129
2776,80125
2777,80125
2778,80125
2779,80125
2780,80125
2781,80125
2782,80125
2783,80125
2784,80134
2785,
2786,
2787,80125
2788,80135
2789,
2790,
2791,
2792,80134
2793,80134
2794,
2795,80183
2796,80133
2797,80118
2798,80118
2799,
2800,80118
2801,
2802,80116
2803,
2804,80116
2805,80116
2806,80116
2807,80124
2808,80124
2809,80124
2810,
2811,80106
2812,80118
2813,80118
2814,80128
2815,
2816,80112
2817,80112
2818,80112
2819,80112
2820,80124-5644
2821,80112
2822,80112
2823,80129-5468
2824,80130
2825,80112
2826,
2827,80135
2828,80118
2829,80109
2830,80130
2831,80104
2832,80104
2833,
2834,80118
2835,80118
2836,
2837,80184
2838,80184
2839,
2840,80124-5644
2841,
2842,80134
2843,80118
2844,
2845,80124-5644
2846,80124-5644
2847,80125
2848,80125
2849,81301
2850,81301
2851,81301
2852,
2853,
2854,80131
2855,81648
2856,81648
2857,81648
2858,81648
2859,
2860,
2861,
2862,80498
2863,
2864,80468
2865,40895
2866,80468
2867,40895
2868,40895
2869,
2870,80482
2871,08442
2872,80482
2873,08442
2874,08442
2875,80482
2876,80436
2877,80436
2878,80436
2879,80436
2880,80444
2881,80466
2882,80438
2883,80436
2884,80436
2885,80452
2886,80452
2887,80436
2888,80474
2889,80474
2890,80438
2891,80436
2892,80466
2893,80444
2894,80438
2895,80454
2896,80454
2897,80454
2898,80454
2899,80305
2900,80025
2901,80303
2902,80305
2903,80471
2904,80025
2905,
2906,
2907,80403
2908,80403
2909,80254
2910,80254
2911,80303
2912,80471
2913,80454
2914,80454
2915,80454
2916,80454
2917,80454
2918,80305-9998
2919,80026-2872
2920,80007
2921,80401
2922,80031
2923,80020
2924,80033-2251
2925,80007
2926,80212
2927,80007
2928,80212
2929,80033
2930,80212
2931,80202
2932,80217
2933,80217
2934,80221
2935,80202
2936,80305-9998
2937,80305-9998
2938,80221
2939,80002
2940,80216
2941,80020-3329
2942,80002-4617
2943,80033-2251
2944,80033
2945,80033-2251
2946,80033-2251
2947,
2948,80401
2949,80401-4015
2950,80401-4015
2951,80403
2952,80027
2953,80021
2954,80401-4015
2955,80020
2956,80020
2957,80221
2958,80030
2959,80305-9998
2960,80305-9998
2961,80305-9998
2962,80027
2963,6210
2964,80030
2965,80002
2966,80002
2967,80002
2968,80002
2969,80003
2970,80003
2971,80002
2972,80002
2973,80221
2974,80033
2975,80221
2976,80403
2977,80033-2251
2978,80033-2251
2979,80033-2251
2980,80033-2251
2981,80033-2251
2982,80033-2251
2983,80033-2251
2984,80002
2985,80002
2986,80002
2987,80002
2988,80002-4617
2989,80002-4617
2990,80002-4617
2991,80002-4617
2992,80002-4617
2993,80002-4617
2994,80002
2995,80221
2996,80221
2997,80221
2998,80002-4617
2999,80031
3000,80027
3001,80031
3002,80221
3003,80221
3004,80007
3005,80403
3006,80403
3007,80221
3008,80221
3009,
3010,80020
3011,80221
3012,80221
3013,80221
3014,80221
3015,80221
3016,80221
3017,80221
3018,80216
3019,80221
3020,80221
3021,80216
3022,80216
3023,80020
3024,80020
3025,80216
3026,80403
3027,80026-2872
3028,80026-2872
3029,80031
3030,80216
3031,80007
3032,80021
3033,80216
3034,80216
3035,80002-4617
3036,80216
3037,80202
3038,80202
3039,80216
3040,80216
3041,80003
3042,80202
3043,80216
3044,80216
3045,80002-4617
3046,80002-4617
3047,80026
3048,80026
3049,80026
3050,80002
3051,80030
3052,80401
3053,80027
3054,80216
3055,80305-9998
3056,80027
3057,80260
3058,80033
3059,80030
3060,80021
3061,80033-2251
3062,80401
3063,80401
3064,80020
3065,80211
3066,80020
3067,80021
3068,80003
3069,80030
3070,80221
3071,80211
3072,80021
3073,80030
3074,80027
3075,80305-9998
3076,80027
3077,80027
3078,80027
3079,80454
3080,80465
3081,80601
3082,80229
3083,80640
3084,80640
3085,80229-7923
3086,80234-4201
3087,80234
3088,80601
3089,80229-7923
3090,80238
3091,80238
3092,80640
3093,
3094,
3095,80011-3316
3096,80011-3316
3097,80266
3098,80229-7923
3099,80216
3100,80266
3101,80601
3102,80640
3103,80601
3104,80207
3105,80640
3106,80266
3107,80022
3108,80601
3109,80601
3110,80266
3111,80234-4201
3112,80234-4154
3113,80229
3114,80640
3115,80601
3116,80601
3117,80205
3118,80266
3119,80266
3120,80266
3121,80266
3122,80640
3123,80216
3124,80216-8470
3125,80216-8470
3126,80022
3127,80229-7923
3128,80266
3129,80229-7923
3130,80207
3131,80207
3132,80207
3133,80207
3134,80207
3135,80207
3136,80216-8470
3137,80216-8470
3138,80216-8470
3139,80216-8470
3140,80216-8470
3141,80216-8470
3142,80216-8470
3143,80266
3144,80266
3145,80266
3146,80266
3147,80010-1425
3148,80216
3149,80011-3316
3150,80011-3316
3151,80229-7923
3152,80229-7923
3153,80601
3154,80601
3155,80216-8470
3156,80234-4201
3157,80238
3158,80024
3159,80024
3160,80229
3161,80640
3162,80640
3163,80601
3164,80640
3165,80022
3166,80603
3167,80229
3168,80266
3169,80011-3316
3170,80023
3171,
3172,80011-3316
3173,80266
3174,80229
3175,80216
3176,80216
3177,80216-8470
3178,80216
3179,80216-8470
3180,80216
3181,80216
3182,80216
3183,80216
3184,80216
3185,80229
3186,80229
3187,80229
3188,80216
3189,80216
3190,80216
3191,80216
3192,80216
3193,80216
3194,80216-8470
3195,80216
3196,80045
3197,80045
3198,80221
3199,80229
3200,80216
3201,80216
3202,80640
3203,80229
3204,80229
3205,80216
3206,80216
3207,80216
3208,80216
3209,80216
3210,80601
3211,80601
3212,80603
3213,80601
3214,80229
3215,80229
3216,80229-7923
3217,80216-8470
3218,80216-8470
3219,80216-8470
3220,80216-8470
3221,80216-8470
3222,80216-8470
3223,80216-8470
3224,80216-8470
3225,80229
3226,80216-8470
3227,80229
3228,80229
3229,80216-8470
3230,80216-8470
3231,80216-8470
3232,80216-8470
3233,80221
3234,80221
3235,80216
3236,80216
3237,80011-3316
3238,80011-3316
3239,80011-3316
3240,80011-3316
3241,80011-3316
3242,80011-3316
3243,80011-3316
3244,80239
3245,80601
3246,80601
3247,
3248,80601
3249,80601
3250,80601
3251,80601
3252,80216
3253,80216
3254,80216
3255,80216
3256,80239
3257,80216
3258,80216
3259,80216
3260,80216
3261,80216
3262,
3263,80640
3264,80238
3265,80238
3266,80640
3267,80229
3268,80216-8470
3269,80022
3270,80216
3271,80266
3272,80207
3273,80023
3274,80023
3275,80023
3276,80234-4201
3277,80207
3278,80603
3279,
3280,
3281,
3282,80102
3283,80102
3284,80102
3285,
3286,
3287,80403
3288,80403
3289,80403
3290,80403
3291,80403
3292,80720
3293,
3294,
3295,80124
3296,80124
3297,80124
3298,80124
3299,80138
3300,80138
3301,80138
3302,80138
3303,80138
3304,80016
3305,80016
3306,80016
3307,80016
3308,80016
3309,80016
3310,80112
3311,80112
3312,80016
3313,
3314,
3315,
3316,80018
3317,80018
3318,80018
3319,80018
3320,80018
3321,80018
3322,80018
3323,80018
3324,80018
3325,80018
3326,80018
3327,80018
3328,80018
3329,80018
3330,80018
3331,80018
3332,80018
3333,80249
3334,80018
3335,80018
3336,80018
3337,80019
3338,80018
3339,80019
3340,80018
3341,80249
3342,80019
3343,80019
3344,80249
3345,80249
3346,80249
3347,80249
3348,
3349,
3350,80134
3351,80134
3352,
3353,
3354,
3355,
3356,
3357,
3358,80601
3359,80601
3360,80601
3361,80601
3362,80601
3363,80601
3364,80601
3365,80601
3366,80603
3367,80603
3368,80601
3369,80601
3370,80601
3371,80022
3372,80601
3373,80601
3374,80601
3375,80601
3376,80601
3377,80601
3378,80601
3379,80601
3380,80601
3381,80602
3382,80602
3383,80134
3384,80134
3385,80602
3386,80602
3387,
3388,80602
3389,80602
3390,80602
3391,80023
3392,80602
3393,80023
3394,80023
3395,80023
3396,80023
3397,
3398,80023
3399,80023
3400,80138
3401,80138
3402,80018
3403,
3404,
3405,
3406,
3407,80425
3408,61621
3409,81632
3410,80423
3411,81637
3412,81632
3413,81649
3414,81637
3415,
3416,81637
3417,80426
3418,80463
3419,81631
3420,
3421,81631
3422,81632
3423,81632
3424,81631
3425,81631
3426,81631
3427,81631
3428,81631
3429,81631
3430,81631
3431,
3432,
3433,80101
3434,80107
3435,
3436,80101
3437,80101
3438,
3439,
3440,80101
3441,
3442,
3443,
3444,80101
3445,
3446,
3447,
3448,80105
3449,80105
3450,
3451,
3452,
3453,
3454,80106
3455,80117
3456,80106
3457,80808
3458,
3459,
3460,80106
3461,80832
3462,80106
3463,
3464,80117
3465,80110
3466,80113
3467,80110
3468,80113
3469,80113-1525
3470,80110
3471,80110
3472,80113
3473,80113-1525
3474,80110
3475,80123-2954
3476,80123-2954
3477,80517
3478,80517
3479,80517
3480,80517
3481,80517
3482,80517
3483,80517
3484,80517
3485,80517
3486,80517
3487,80517
3488,80517
3489,
3490,80832
3491,80832
3492,80808
3493,80908
3494,80908
3495,80908
3496,80106
3497,80809
3498,80819
3499,80831
3500,80808
3501,80921
3502,80132
3503,80831
3504,
3505,80832
3506,80832
3507,80808
3508,80908
3509,80908
3510,80908
3511,80808
3512,80808
3513,80831
3514,80831
3515,80831
3516,80831
3517,80817
3518,80808
3519,80808
3520,80831
3521,
3522,
3523,80808
3524,80808
3525,
3526,80808
3527,80808
3528,
3529,80808
3530,80808
3531,80831-8127
3532,80831-8127
3533,80831
3534,80831
3535,80831
3536,80833
3537,80906
3538,80911
3539,80925
3540,80808
3541,80906
3542,80910
3543,80910
3544,80910
3545,80908
3546,80106
3547,
3548,80831
3549,8017
3550,80817
3551,80902
3552,80951
3553,80951
3554,
3555,80106
3556,80831
3557,80106
3558,80106
3559,80808
3560,80929
3561,80930
3562,
3563,80831
3564,
3565,80808
3566,80925
3567,
3568,
3569,80831
3570,80925
3571,80808
3572,80831
3573,80808
3574,80928
3575,8017
3576,8017
3577,8017
3578,80928
3579,80808
3580,80808
3581,80808
3582,80808
3583,80808
3584,80808
3585,80808
3586,80808
3587,80808
3588,
3589,80928
3590,80832
3591,80808
3592,80832
3593,
3594,80864
3595,
3596,
3597,80833
3598,80808
3599,80808
3600,80833
3601,80833
3602,80817
3603,80132
3604,80920
3605,80832
3606,80906
3607,80808
3608,80817
3609,80913
3610,80831
3611,80106
3612,
3613,80951
3614,80939
3615,80939
3616,80908
3617,80809
3618,80864
3619,80864
3620,80808
3621,80908
3622,80817
3623,80915
3624,80904
3625,
3626,80951
3627,80939
3628,80911
3629,80831
3630,80831
3631,80831
3632,80831
3633,80817
3634,80817
3635,80921
3636,80831
3637,80831
3638,80831
3639,80951
3640,80831-8127
3641,80902
3642,80902
3643,80902
3644,80906
3645,80902
3646,80906
3647,80906
3648,80911
3649,80911
3650,80911
3651,80911
3652,80911
3653,80911
3654,80515
3655,80516
3656,80515
3657,80515
3658,80515
3659,80515
3660,80515
3661,80516
3662,80634-8412
3663,
3664,80634
3665,80634-8412
3666,81650
3667,81650
3668,
3669,
3670,
3671,
3672,81650
3673,81650
3674,
3675,
3676,81650
3677,81650
3678,81650
3679,81650
3680,
3681,
3682,
3683,
3684,
3685,
3686,81647
3687,81650
3688,81650
3689,81650
3690,81650
3691,81650
3692,81650
3693,
3694,81650
3695,81647
3696,81647
3697,81647
3698,81652
3699,81652
3700,81647
3701,81652
3702,81652
3703,81652
3704,81652
3705,81652
3706,
3707,
3708,
3709,
3710,
3711,81601
3712,81601
3713,81601
3714,81601
3715,
3716,
3717,
3718,
3719,
3720,
3721,
3722,81647
3723,
3724,
3725,81601
3726,81601
3727,
3728,
3729,81601
3730,81601
3731,81601
3732,81601
3733,
3734,
3735,81601
3736,
3737,
3738,
3739,
3740,
3741,
3742,
3743,
3744,81601
3745,
3746,
3747,
3748,
3749,
3750,
3751,81601
3752,
3753,
3754,
3755,
3756,
3757,
3758,
3759,
3760,
3761,
3762,
3763,
3764,
3765,
3766,
3767,
3768,
3769,
3770,
3771,81631
3772,81637
3773,81637
3774,81637
3775,81637
3776,81631
3777,81631
3778,
3779,
3780,81631
3781,81631
3782,81637
3783,
3784,81631
3785,81637
3786,81637
3787,81631
3788,
3789,81655
3790,81655
3791,81655
3792,81655
3793,81631
3794,81655
3795,81632
3796,81620
3797,81632
3798,81655
3799,81655
3800,81655
3801,81655
3802,81632
3803,81632
3804,81632
3805,81632
3806,81632
3807,81620
3808,81620
3809,81620
3810,81655
3811,81632
3812,81632
3813,81620
3814,81620
3815,81645
3816,81645
3817,
3818,
3819,81657
3820,81657
3821,
3822,
3823,
3824,
3825,
3826,
3827,
3828,
3829,
3830,
3831,
3832,
3833,
3834,
3835,81645
3836,81645
3837,81657
3838,81657
3839,81657
3840,81657
3841,81657
3842,81657
3843,81657
3844,81649
3845,81657
3846,81657
3847,80443
3848,
3849,
3850,
3851,
3852,
3853,
3854,
3855,
3856,
3857,
3858,80443
3859,80497
3860,80424
3861,80424
3862,80435
3863,80497
3864,80497
3865,80497
3866,80497
3867,80498
3868,80443
3869,80443
3870,80497
3871,80497
3872,80435
3873,80435
3874,
3875,
3876,
3877,
3878,
3879,80476
3880,80497
3881,
3882,80476
3883,80476
3884,80452
3885,80476
3886,80444
3887,80452
3888,80452
3889,80452
3890,80476
3891,80452
3892,80452
3893,80452
3894,80452
3895,80452
3896,80254
3897,80127-5008
3898,
3899,
3900,80401
3901,
3902,80453
3903,80439
3904,
3905,
3906,
3907,80439
3908,80439
3909,80439
3910,80254
3911,80254
3912,80254
3913,80254
3914,80254
3915,80254
3916,80433
3917,80452
3918,
3919,
3920,
3921,
3922,
3923,
3924,
3925,
3926,
3927,80254
3928,80254
3929,80254
3930,
3931,80254
3932,80254
3933,
3934,
3935,80437
3936,80254
3937,80437
3938,80437
3939,80453
3940,804233
3941,804233
3942,80433
3943,80433
3944,80433
3945,
3946,
3947,
3948,80120
3949,80465
3950,80219
3951,80215
3952,80410
3953,80410
3954,80454
3955,80465
3956,80465
3957,80219-1535
3958,80123-2954
3959,80401-4015
3960,80236-6186
3961,80223
3962,80214-1801
3963,80123-2954
3964,80465
3965,80401-4015
3966,80219-1535
3967,80217
3968,80204
3969,80127-5008
3970,80235
3971,80217
3972,80204
3973,80204
3974,80219-1535
3975,80225
3976,80110
3977,80219-1535
3978,80226-2975
3979,80128
3980,80465
3981,80236
3982,80236
3983,80110
3984,80127-5008
3985,80401
3986,80204
3987,80225
3988,80419
3989,80419
3990,80401-4015
3991,80401-4015
3992,80401-4015
3993,80401-4015
3994,80401-4015
3995,80401-4015
3996,80401
3997,80410
3998,80419
3999,80401-4015
4000,80419
4001,80128
4002,80128
4003,80128
4004,80127-5008
4005,80127-5008
4006,80128
4007,80223
4008,80401-4015
4009,80211
4010,80401-4015
4011,80125
4012,80113-1525
4013,80232
4014,80223
4015,80120
4016,80235
4017,80235
4018,80228
4019,80228
4020,80123-2954
4021,80204
4022,80123-2954
4023,80129
4024,80128
4025,80235
4026,80120
4027,80129
4028,80129-5468
4029,80214
4030,80410
4031,80419
4032,80419
4033,80419
4034,80419
4035,80226-2975
4036,80465
4037,80465
4038,80465
4039,80465
4040,80465
4041,80123
4042,80401-4015
4043,80401
4044,80127
4045,80127
4046,80127-5008
4047,80127-5008
4048,80127-5008
4049,80127-5008
4050,80123-2954
4051,80217
4052,80465
4053,80465
4054,80465
4055,80419
4056,80219-1535
4057,80465
4058,80127
4059,80127
4060,80204
4061,80204
4062,80204
4063,80217
4064,80204
4065,80226-2975
4066,80204
4067,80217
4068,80219-1535
4069,80401-4015
4070,80219-1535
4071,80219-1535
4072,80204
4073,80219-1535
4074,80123
4075,80127
4076,80127
4077,80113-1525
4078,80113-1525
4079,80113-1525
4080,80113-1525
4081,80204
4082,80204
4083,80235
4084,80235
4085,80236
4086,80236
4087,80236
4088,80454
4089,80465
4090,80465
4091,80465
4092,80465
4093,80454
4094,80465
4095,80127-5008
4096,80217
4097,80401
4098,80401
4099,80419
4100,804233
4101,80120
4102,80128
4103,80235
4104,80123
4105,80235
4106,80129
4107,80223
4108,80217
4109,80410
4110,80214-1801
4111,
4112,80225
4113,80204
4114,80219-1535
4115,80214-1801
4116,80223
4117,80223
4118,80223
4119,80223
4120,80129
4121,80236-6186
4122,80236-6186
4123,80235
4124,80219-1535
4125,80235
4126,80204
4127,80235
4128,80214-1807
4129,80214-1807
4130,80219-1535
4131,80219-1535
4132,80219-1535
4133,80219-1535
4134,80465
4135,80121
4136,80121
4137,80121
4138,80011
4139,80012-2523
4140,80110
4141,80247-2121
4142,80045
4143,80231
4144,80113
4145,80113
4146,80111-2508
4147,80124-5644
4148,80110
4149,80011-3316
4150,80111-2508
4151,80112
4152,80014
4153,80012-2523
4154,802377
4155,80011
4156,802377
4157,80014-1319
4158,80237
4159,802377
4160,80237
4161,802377
4162,80011
4163,802377
4164,80012-2523
4165,802377
4166,802377
4167,802377
4168,80014
4169,80014
4170,80014
4171,80222
4172,80011
4173,80247-2121
4174,80112
4175,80011
4176,80015
4177,80113
4178,80134
4179,80130
4180,80124
4181,80124
4182,80124
4183,80124
4184,80126
4185,80126
4186,80126
4187,80130
4188,80130
4189,80014-1319
4190,80122
4191,80122
4192,80014-1319
4193,80016
4194,80138
4195,80124
4196,80124
4197,80124
4198,80014
4199,80124
4200,80124
4201,80112
4202,80012-2523
4203,80012-2523
4204,80121
4205,80011
4206,80014
4207,80011
4208,80015
4209,80124-5644
4210,80124
4211,80124
4212,80124
4213,80124
4214,80112
4215,80112
4216,80014
4217,80014
4218,80014
4219,80014
4220,80012-2523
4221,80129
4222,80014
4223,80014
4224,80014
4225,80014
4226,80014
4227,80011
4228,80011
4229,80122
4230,80121
4231,80222
4232,80210-2938
4233,80209
4234,80209
4235,80209
4236,80209
4237,80209
4238,80209
4239,80208
4240,80208
4241,80208
4242,80210-2938
4243,80210-2938
4244,80201
4245,80201
4246,80201
4247,80222
4248,80237
4249,80237
4250,80201
4251,80237
4252,80201
4253,80014
4254,80222
4255,80124
4256,80237
4257,80237
4258,80124-5644
4259,80237
4260,80237
4261,80016
4262,80231
4263,80011-3316
4264,80015
4265,80011-3316
4266,80112
4267,80112
4268,80246
4269,80465
4270,80137
4271,80137
4272,80137
4273,80137
4274,
4275,
4276,80018
4277,80018
4278,80018
4279,80018
4280,80137
4281,80137
4282,80137
4283,80137
4284,80137
4285,80137
4286,80137
4287,80137
4288,80011-3316
4289,80137
4290,80102
4291,80102
4292,80102
4293,80102
4294,80102
4295,80136
4296,80102
4297,80102
4298,80102
4299,80103
4300,80103
4301,
4302,
4303,
4304,
4305,
4306,
4307,
4308,80136
4309,
4310,
4311,
4312,80102
4313,80102
4314,
4315,
4316,
4317,
4318,
4319,80103
4320,80103
4321,
4322,
4323,80103
4324,80103
4325,80103
4326,80103
4327,
4328,
4329,
4330,
4331,
4332,
4333,
4334,
4335,
4336,
4337,
4338,
4339,
4340,
4341,
4342,
4343,
4344,
4345,80105
4346,
4347,
4348,
4349,80103
4350,80103
4351,80103
4352,80103
4353,80103
4354,80103
4355,
4356,
4357,80105
4358,
4359,80103
4360,80105
4361,80105
4362,
4363,
4364,80401-4015
4365,80401
4366,80401-4015
4367,
4368,80105
4369,
4370,
4371,
4372,
4373,
4374,80105
4375,
4376,80757
4377,
4378,80757
4379,
4380,
4381,
4382,
4383,80401-4015
4384,80403
4385,80403
4386,80401-4015
4387,6210
4388,6210
4389,80403
4390,80403
4391,6210
4392,80401
4393,80740
4394,80720
4395,80720
4396,
4397,80007
4398,80007
4399,80007
4400,80403
4401,80403
4402,80007
4403,80812
4404,
4405,
4406,80735
4407,80807
4408,80735
4409,
4410,80525
4411,80521
4412,80521-3362
4413,80525-4710
4414,80528
4415,80521
4416,80525-1006
4417,80526-1846
4418,80526
4419,80526
4420,80521-4443
4421,80524
4422,80525
4423,80521
4424,80528
4425,80525
4426,80525-2617
4427,80526
4428,80526
4429,80524
4430,80525
4431,80528
4432,80526
4433,80522-0580
4434,80521
4435,80521
4436,80528
4437,80524
4438,80524-2429
4439,80524
4440,80525
4441,80525
4442,80525-5918
4443,80524
4444,80525-3049
4445,80526
4446,80526
4447,80525
4448,80537
4449,80521-3362
4450,80521
4451,80521
4452,80521
4453,80528
4454,80521-3362
4455,80524-8525
4456,80526
4457,80525-9769
4458,80526
4459,80525-9769
4460,80525
4461,80526
4462,80524
4463,80525-1423
4464,80549
4465,80549
4466,
4467,80525-1305
4468,80526-5664
4469,80526-1802
4470,80526-5664
4471,80521
4472,80525
4473,80525-1495
4474,80528-9527
4475,80525-1495
4476,80524
4477,80526
4478,80521-3225
4479,80525
4480,80525-1305
4481,80525-5823
4482,80525-8017
4483,80524-2626
4484,80521
4485,80525-5304
4486,80525
4487,80525-4710
4488,80524
4489,80528
4490,80525-4710
4491,81226
4492,81226
4493,81226
4494,81226
4495,81226
4496,81226
4497,80817
4498,80817
4499,80817
4500,80817
4501,80817
4502,80478
4503,80442
4504,
4505,
4506,
4507,81212
4508,81212
4509,81212
4510,81215
4511,
4512,81212
4513,81244
4514,
4515,81223
4516,
4517,81232
4518,
4519,
4520,81212
4521,81240
4522,81240
4523,
4524,81240
4525,81240
4526,
4527,81212
4528,81212
4529,
4530,81212
4531,
4532,81226
4533,81253
4534,81253
4535,
4536,81215
4537,
4538,
4539,81233
4540,81233
4541,
4542,
4543,81223
4544,81223
4545,81222
4546,
4547,
4548,
4549,81244
4550,81212
4551,81212
4552,81212
4553,81226
4554,
4555,80520
4556,80516
4557,80504
4558,80520
4559,80514
4560,80530
4561,80520
4562,80443
4563,80443
4564,80443
4565,80443
4566,80478
4567,80520
4568,80520
4569,81521
4570,81521
4571,81521
4572,81521
4573,81521ADDED SOME HOUSES AND SURFACE TYPES. #KAART GROUP 2017
4574,81521ADDED SOME HOUSES AND SURFACE TYPES. #KAART GROUP 2017
4575,81521
4576,80621
4577,80701
4578,80701
4579,80701
4580,
4581,81524
4582,
4583,
4584,81603
4585,81603
4586,81603
4587,81603
4588,81603
4589,81630
4590,
4591,
4592,
4593,81635
4594,81635
4595,81630
4596,
4597,
4598,81635
4599,81635
4600,81635
4601,81635
4602,81630
4603,81630
4604,81630
4605,81630
4606,81630
4607,81630
4608,81630
4609,81635
4610,
4611,
4612,81635
4613,81603
4614,
4615,81635
4616,
4617,
4618,81635
4619,81635
4620,
4621,
4622,
4623,
4624,81623
4625,81623
4626,61621
4627,81621
4628,61621
4629,81654
4630,81654
4631,81654
4632,81654
4633,81654
4634,
4635,
4636,80406
4637,80406
4638,81649
4639,80420
4640,80424
4641,
4642,80432
4643,80448
4644,80448
4645,80448
4646,80475
4647,
4648,80127-5008
4649,80127
4650,80127-5008
4651,80127-5008
4652,80421
4653,
4654,
4655,80433
4656,
4657,80421
4658,80421
4659,80470
4660,80127
4661,80125
4662,80125
4663,80135
4664,80104
4665,80108
4666,
4667,80135
4668,80108
4669,80135
4670,80116
4671,
4672,80104
4673,80104
4674,80116
4675,80134
4676,
4677,80116
4678,
4679,80104
4680,80104
4681,80184
4682,80184
4683,80135
4684,80124-5644
4685,80465
4686,80465
4687,80465
4688,80116-8324
4689,80116
4690,
4691,80107
4692,80107
4693,80116-8324
4694,
4695,80117
4696,80808
4697,80117
4698,80835
4699,80835
4700,80835
4701,80835
4702,
4703,80401-4015
4704,80101
4705,
4706,80264
4707,
4708,
4709,80101
4710,80264
4711,
4712,80264
4713,
4714,
4715,80101
4716,
4717,
4718,80101
4719,80401-4015
4720,80818
4721,
4722,
4723,80828
4724,80822
4725,80822
4726,80822
4727,80822
4728,80822
4729,80822
4730,80822
4731,80822
4732,
4733,80822
4734,80822
4735,80822
4736,80828
4737,80828
4738,80828
4739,
4740,80822
4741,80822
4742,80828
4743,
4744,80828
4745,80828
4746,80828
4747,
4748,80822
4749,80822
4750,
4751,80822
4752,80818
4753,
4754,80818
4755,
4756,
4757,
4758,
4759,
4760,
4761,
4762,
4763,
4764,
4765,80815
4766,80815
4767,
4768,
4769,
4770,
4771,80815
4772,80005
4773,80005
4774,
4775,80834
4776,80834
4777,80834
4778,80834
4779,
4780,
4781,80834
4782,
4783,80834
4784,80834
4785,
4786,
4787,80834
4788,
4789,
4790,
4791,80836
4792,
4793,
4794,
4795,80836
4796,80836
4797,
4798,80836
4799,
4800,80836
4801,80807
4802,80807
4803,80807
4804,80805
4805,80807
4806,80807
4807,
4808,80836
4809,80807
4810,80805
4811,80836
4812,
4813,80805
4814,
4815,80805
4816,80805
4817,
4818,80807
4819,
4820,
4821,
4822,80807
4823,80807
4824,
4825,
4826,
4827,67741
4828,
4829,80807
4830,80807
4831,67741
4832,
4833,
4834,81602
4835,
4836,81601
4837,81601
4838,
4839,
4840,81601
4841,
4842,
4843,81630
4844,81630
4845,81630
4846,81647
4847,81647
4848,81647
4849,81647
4850,81635
4851,81635
4852,81647
4853,81652
4854,81652
4855,81652
4856,81652
4857,
4858,
4859,
4860,81647
4861,
4862,816XX
4863,81652
4864,80471
4865,80474
4866,
4867,
4868,80401
4869,80401
4870,80401
4871,80401
4872,80403
4873,80403
4874,80401
4875,80403
4876,80246
4877,81601
4878,81601
4879,81601
4880,81601
4881,80446
4882,80631
4883,80631
4884,80634-9998
4885,80634-9998
4886,80631
4887,80631
4888,80631
4889,80364
4890,
4891,80631
4892,80631
4893,80631
4894,80631
4895,80631
4896,80631
4897,80631
4898,80364
4899,80364
4900,80631
4901,80631
4902,80634-8412
4903,80634
4904,80634-8412
4905,80634-9998
4906,80634
4907,80634
4908,80631
4909,80631
4910,80819
4911,81505-9447
4912,81505
4913,81507
4914,81507
4915,81505-1115
4916,81505
4917,81505
4918,81505-1115
4919,81505-1115
4920,81505-1115
4921,81507
4922,81505-1115
4923,81505WAY 0
4924,81506
4925,81506
4926,81506
4927,81501
4928,81501
4929,81501
4930,81501
4931,81504
4932,81504
4933,81506
4934,81501
4935,81501
4936,81504
4937,81501
4938,81501
4939,81505-1115
4940,81505-1115
4941,81502
4942,81505-1115
4943,81506
4944,81505WAY 0
4945,81506
4946,81506
4947,81506
4948,80444-2000
4949,80444-2000
4950,80444
4951,80444
4952,80444
4953,80444
4954,
4955,
4956,81230
4957,
4958,81434
4959,81224
4960,
4961,81230
4962,81243
4963,
4964,81243
4965,
4966,81230
4967,
4968,81230
4969,
4970,81230
4971,
4972,81239
4973,81237
4974,
4975,
4976,
4977,81224
4978,
4979,
4980,
4981,
4982,
4983,
4984,
4985,
4986,
4987,81210
4988,
4989,81210
4990,
4991,81210
4992,81210
4993,81210
4994,81210
4995,81230
4996,81220
4997,81220
4998,80121
4999,80121
5000,80121
5001,80121
5002,80121
5003,80111
5004,801111
5005,80111
5006,80111
5007,801112
5008,801112
5009,801112
5010,80111
5011,8011
5012,81637
5013,81637
5014,
5015,81637
5016,81524
5017,81521ADDED SOME HOUSES AND SURFACE TYPES. #KAART GROUP 2017
5018,81521ADDED SOME HOUSES AND SURFACE TYPES. #KAART GROUP 2017
5019,81521ADDED SOME HOUSES AND SURFACE TYPES. #KAART GROUP 2017
5020,81521ADDED SOME HOUSES AND SURFACE TYPES. #KAART GROUP 2017
5021,51524
5022,51524
5023,51524
5024,51524
5025,
5026,51524
5027,81524
5028,81505-9447
5029,81505
5030,81507
5031,81501
5032,81505-9447
5033,81505
5034,81502
5035,81507
5036,81507
5037,81505
5038,81506
5039,81505
5040,81506
5041,81505
5042,81505
5043,81505
5044,81506
5045,81506
5046,81506
5047,81506
5048,81506
5049,81506
5050,81505-9447
5051,81505-9447
5052,81505-9447
5053,81521ADDED SOME HOUSES AND SURFACE TYPES. #KAART GROUP 2017
5054,81521
5055,81521
5056,81521ADDED SOME HOUSES AND SURFACE TYPES. #KAART GROUP 2017
5057,81521ADDED SOME HOUSES AND SURFACE TYPES. #KAART GROUP 2017
5058,81521ADDED SOME HOUSES AND SURFACE TYPES. #KAART GROUP 2017
5059,81521ADDED SOME HOUSES AND SURFACE TYPES. #KAART GROUP 2017
5060,81521ADDED SOME HOUSES AND SURFACE TYPES. #KAART GROUP 2017
5061,81521ADDED SOME HOUSES AND SURFACE TYPES. #KAART GROUP 2017
5062,81521ADDED SOME HOUSES AND SURFACE TYPES. #KAART GROUP 2017
5063,81505-9447
5064,81505-9447
5065,81505-9447
5066,81505-9447
5067,81505-9447
5068,81505-9447
5069,81521
5070,81507
5071,81502
5072,81502
5073,81521ADDED SOME HOUSES AND SURFACE TYPES. #KAART GROUP 2017
5074,81521ADDED SOME HOUSES AND SURFACE TYPES. #KAART GROUP 2017
5075,81502
5076,81501
5077,81502
5078,81502
5079,81501
5080,81502
5081,81504
5082,81505
5083,81505-1115
5084,81502
5085,81503
5086,
5087,
5088,81526
5089,81526
5090,81520
5091,81520
5092,81504
5093,81520
5094,81520
5095,
5096,81520
5097,81520
5098,81520
5099,
5100,
5101,
5102,
5103,
5104,81520
5105,
5106,
5107,81526
5108,
5109,81630
5110,
5111,81526
5112,
5113,81504
5114,81504
5115,81646
5116,81646
5117,81646
5118,81643
5119,81646
5120,81643
5121,81643
5122,81643
5123,81623
5124,81623
5125,
5126,
5127,81434
5128,
5129,81611
5130,81611
5131,
5132,08161
5133,81621
5134,81611
5135,
5136,81228
5137,80461
5138,80461
5139,80461
5140,81228
5141,
5142,
5143,81228
5144,
5145,81211
5146,80440
5147,81211
5148,81228
5149,80127
5150,
5151,80440
5152,
5153,
5154,
5155,
5156,
5157,
5158,
5159,
5160,
5161,80827
5162,80827
5163,80827
5164,80128
5165,80128
5166,80127-5008
5167,80128
5168,80128
5169,80128
5170,80135
5171,
5172,80863
5173,80863
5174,80863
5175,80921
5176,80118
5177,80921
5178,80118
5179,80921
5180,80132-7931
5181,80921
5182,80921
5183,80132-7931
5184,80132-7931
5185,80133
5186,80184
5187,80118
5188,80118
5189,80921
5190,80118
5191,80118
5192,80132-7931
5193,80132-7931
5194,80132
5195,80921
5196,80921
5197,80921
5198,80921
5199,80921
5200,80132-7931
5201,80235
5202,80127
5203,80127
5204,80235
5205,80127
5206,80127
5207,80127
5208,
5209,
5210,
5211,
5212,
5213,
5214,
5215,
5216,
5217,
5218,
5219,
5220,
5221,80832
5222,80832
5223,80832
5224,80832
5225,80832
5226,
5227,
5228,
5229,
5230,
5231,
5232,
5233,
5234,80832
5235,
5236,80828
5237,
5238,
5239,
5240,
5241,
5242,
5243,
5244,
5245,
5246,
5247,80828
5248,80821
5249,
5250,80821
5251,80821
5252,
5253,
5254,80821
5255,
5256,
5257,
5258,80821
5259,
5260,
5261,
5262,
5263,80834
5264,80807
5265,80807
5266,80807
5267,81639
5268,81639
5269,
5270,
5271,
5272,
5273,
5274,
5275,
5276,
5277,
5278,81235
5279,
5280,
5281,80451
5282,81242
5283,
5284,81089
5285,80189
5286,81089
5287,80189
5288,
5289,81055
5290,81085
5291,
5292,
5293,81055
5294,81085
5295,81040
5296,81040
5297,81040
5298,81089
5299,
5300,
5301,81089
5302,81040
5303,81040
5304,
5305,
5306,
5307,81527
5308,81527
5309,81527
5310,
5311,
5312,81527
5313,81527
5314,
5315,81416
5316,
5317,81414
5318,81416
5319,81418
5320,81414
5321,81410
5322,
5323,81419
5324,81428
5325,
5326,81428
5327,81419
5328,81428
5329,81428
5330,81428
5331,81434
5332,81434
5333,
5334,
5335,
5336,
5337,81224
5338,
5339,
5340,81211
5341,
5342,81211
5343,81211
5344,81211
5345,
5346,
5347,
5348,
5349,
5350,
5351,
5352,
5353,
5354,
5355,80820
5356,80000
5357,80000
5358,80000
5359,80000
5360,
5361,80000
5362,80000
5363,80000
5364,80814
5365,80814
5366,80814
5367,80809
5368,80829
5369,80906
5370,80829
5371,80920
5372,80920
5373,80906
5374,80709
5375,80709
5376,80904
5377,80905
5378,80904
5379,80905
5380,80905
5381,80904
5382,80904
5383,80829
5384,80829
5385,80829
5386,80829
5387,80829
5388,80829
5389,80829
5390,80920
5391,80829
5392,80829
5393,80906
5394,80902
5395,80902
5396,80920
5397,80919
5398,80829
5399,80919
5400,80902
5401,80916
5402,80916
5403,80809
5404,80809
5405,80904
5406,80829
5407,80921
5408,80906
5409,80906
5410,80910
5411,80910
5412,80905
5413,80905
5414,80905
5415,80905
5416,80910
5417,80910
5418,80910
5419,80910
5420,80905
5421,80910
5422,80919
5423,80921
5424,80906
5425,80910
5426,80910
5427,80910
5428,80924
5429,80924
5430,80924
5431,80924
5432,80924
5433,80924
5434,80903
5435,80903
5436,80709
5437,80709
5438,80906
5439,80905
5440,80905
5441,80924
5442,80924
5443,80924
5444,80923
5445,80923
5446,80923
5447,80915
5448,80919
5449,80919
5450,80919
5451,80919
5452,80919
5453,80919
5454,80919
5455,80919
5456,80919
5457,80919
5458,80919
5459,80919
5460,80919
5461,80924
5462,80924
5463,80920
5464,80905
5465,80905
5466,80903
5467,80906
5468,80709
5469,170
5470,80905
5471,80905
5472,80905
5473,80906
5474,80809
5475,80809
5476,80914
5477,80914
5478,80914
5479,80970
5480,80930
5481,80929
5482,80929
5483,80930
5484,80831
5485,80916
5486,80915
5487,80914
5488,80914
5489,80914
5490,80914
5491,
5492,80831
5493,
5494,80831-8127
5495,80831-8127
5496,
5497,80808
5498,80930
5499,80930
5500,
5501,80864
5502,80864
5503,80864
5504,
5505,80833
5506,80833
5507,80821
5508,80833
5509,80833
5510,80833
5511,
5512,
5513,
5514,
5515,
5516,
5517,
5518,
5519,
5520,80825
5521,80825
5522,
5523,80825
5524,
5525,
5526,80825
5527,80825
5528,
5529,
5530,
5531,80862
5532,80862
5533,80825
5534,80825
5535,80825
5536,80825
5537,80825
5538,80825
5539,
5540,80825
5541,80825
5542,80825
5543,80825
5544,
5545,
5546,
5547,80810
5548,80810
5549,80810
5550,80810
5551,80810
5552,80810
5553,
5554,80801
5555,80452
5556,80452
5557,80254
5558,80452
5559,81522
5560,81522
5561,81522
5562,
5563,
5564,81425
5565,81425
5566,81416
5567,81425
5568,81425
5569,81425
5570,81425
5571,
5572,
5573,81425
5574,81425
5575,81415
5576,81415
5577,81415
5578,81230
5579,
5580,
5581,81230
5582,81230
5583,81230
5584,81231
5585,
5586,81242
5587,
5588,81201
5589,81201
5590,81201
5591,81201
5592,
5593,81236
5594,
5595,81201
5596,81236
5597,81201
5598,81201
5599,81201
5600,81201
5601,
5602,
5603,
5604,81212
5605,
5606,
5607,80128
5608,80128
5609,80128
5610,80128
5611,80081
5612,80123
5613,80123
5614,80123
5615,80123
5616,80128
5617,80123
5618,80926
5619,80926
5620,80926
5621,80926
5622,80926
5623,80926
5624,80902
5625,
5626,80926
5627,80926
5628,
5629,
5630,
5631,
5632,80817
5633,8017
5634,8017
5635,
5636,
5637,
5638,80817
5639,80817
5640,80817
5641,80817
5642,80817
5643,80817
5644,80817
5645,80817
5646,80817
5647,
5648,
5649,
5650,
5651,
5652,
5653,
5654,8017
5655,
5656,8017
5657,80817
5658,
5659,81063
5660,
5661,80825
5662,81036
5663,
5664,80810
5665,81071
5666,
5667,
5668,80455
5669,80455
5670,80534
5671,80534
5672,80543
5673,80534-6438
5674,80534-6438
5675,
5676,
5677,
5678,81429
5679,
5680,81429
5681,81422
5682,
5683,
5684,81403
5685,
5686,
5687,81403
5688,81403
5689,
5690,81403
5691,
5692,81403
5693,
5694,
5695,81401
5696,81401
5697,81401
5698,81220
5699,81401
5700,81230
5701,
5702,
5703,
5704,
5705,
5706,
5707,
5708,
5709,
5710,
5711,
5712,
5713,81201
5714,
5715,81222
5716,81233
5717,81233
5718,81233
5719,81233
5720,
5721,81233
5722,81233
5723,81233
5724,81222
5725,
5726,81223
5727,
5728,
5729,
5730,81223
5731,
5732,
5733,
5734,
5735,81232
5736,81232
5737,81223
5738,
5739,81212
5740,81212
5741,
5742,
5743,81212
5744,
5745,81215
5746,81215
5747,
5748,81226
5749,81226
5750,
5751,81226
5752,81226
5753,81240
5754,81240
5755,81240
5756,81240
5757,
5758,81226
5759,
5760,81226
5761,81240
5762,
5763,81226
5764,81215
5765,
5766,81215
5767,81240
5768,81226
5769,81226
5770,81226
5771,81226
5772,81212
5773,
5774,81007
5775,81007
5776,
5777,81240
5778,81005
5779,
5780,
5781,
5782,
5783,81008
5784,81001
5785,81004
5786,81003
5787,81003
5788,81003
5789,
5790,
5791,81003
5792,81001
5793,81001
5794,
5795,
5796,
5797,
5798,
5799,81003
5800,81003
5801,81003
5802,81008
5803,81008
5804,81008
5805,81007
5806,81008
5807,81008
5808,81008
5809,81008
5810,81008
5811,81001
5812,81003
5813,81003
5814,81005
5815,81003
5816,81003
5817,81001
5818,81001
5819,81001
5820,81001
5821,81008
5822,81001
5823,81003
5824,
5825,81006
5826,
5827,81008
5828,81001
5829,
5830,
5831,81008
5832,81008
5833,
5834,81003
5835,81003
5836,81008
5837,81003
5838,
5839,81003
5840,81001
5841,81008
5842,81005
5843,
5844,
5845,
5846,
5847,
5848,81006
5849,81022
5850,
5851,81022
5852,81006
5853,81022
5854,
5855,
5856,
5857,
5858,81063
5859,81063
5860,81063
5861,
5862,
5863,81045
5864,
5865,81045
5866,
5867,
5868,81036
5869,
5870,
5871,
5872,81036
5873,81071
5874,81071
5875,
5876,80815
5877,80815
5878,80815
5879,80815
5880,80815
5881,80815
5882,80815
5883,80815
5884,
5885,
5886,
5887,80861
5888,80815
5889,80807
5890,80807
5891,
5892,80861
5893,
5894,
5895,
5896,80861
5897,80836
5898,80836
5899,80836
5900,80836
5901,80836
5902,
5903,
5904,
5905,80836
5906,80836
5907,
5908,80836
5909,80836
5910,80805
5911,80805
5912,80805
5913,80805
5914,80807
5915,80807
5916,80807
5917,80807
5918,
5919,
5920,
5921,80807
5922,80807
5923,80807
5924,80807
5925,80807
5926,80807
5927,
5928,80807
5929,67741
5930,
5931,80807
5932,80807
5933,
5934,80815
5935,80815
5936,
5937,
5938,
5939,
5940,
5941,
5942,
5943,
5944,81036
5945,81021
5946,
5947,81021
5948,
5949,81036
5950,81071
5951,81036
5952,
5953,
5954,81422
5955,81422
5956,81422
5957,81431
5958,
5959,81430
5960,
5961,
5962,81432
5963,
5964,81432
5965,81427-0565
5966,81432
5967,81432
5968,
5969,81235
5970,
5971,
5972,81149
5973,81149
5974,81149
5975,81149
5976,81155
5977,
5978,
5979,
5980,81252
5981,81252
5982,81252
5983,81252
5984,
5985,
5986,81005
5987,81253
5988,81069
5989,
5990,81005
5991,81005
5992,
5993,81253
5994,
5995,81023
5996,81023
5997,
5998,81004
5999,81003
6000,81004
6001,81003
6002,81004
6003,81004
6004,81004
6005,
6006,
6007,81004
6008,81004
6009,81006
6010,81006
6011,
6012,
6013,
6014,81004
6015,81004
6016,
6017,
6018,81003
6019,
6020,
6021,81004
6022,81004
6023,81003
6024,
6025,81001
6026,
6027,81006
6028,81025
6029,
6030,81025
6031,81025
6032,81022
6033,81025
6034,81022
6035,81025
6036,81025
6037,
6038,
6039,81039
6040,
6041,81039
6042,
6043,81039
6044,81067
6045,81058
6046,81067
6047,81058
6048,81058
6049,81058
6050,
6051,81062
6052,81058
6053,81062
6054,81062
6055,81062
6056,81058
6057,81033
6058,81067
6059,81077
6060,
6061,81067
6062,81077
6063,81067
6064,81063
6065,81067
6066,81067
6067,
6068,81050
6069,81067
6070,
6071,81067
6072,81067
6073,81067
6074,81067
6075,
6076,81064
6077,81067
6078,
6079,
6080,81050
6081,81050
6082,
6083,
6084,81054
6085,81050
6086,81050
6087,
6088,81054
6089,
6090,81054
6091,81054
6092,81054
6093,81054
6094,81054
6095,
6096,
6097,81054
6098,81057
6099,
6100,81057
6101,81057
6102,
6103,81057
6104,81052
6105,81052
6106,
6107,81052
6108,81092
6109,81092
6110,81052
6111,81092
6112,
6113,
6114,81052
6115,81052
6116,81052
6117,
6118,81052
6119,
6120,81092
6121,81052
6122,81052
6123,
6124,81052
6125,
6126,
6127,81041
6128,81047
6129,
6130,
6131,81052
6132,
6133,
6134,
6135,
6136,
6137,81047
6138,81047
6139,81085
6140,81055
6141,81055
6142,
6143,
6144,
6145,
6146,81081
6147,81081
6148,
6149,
6150,
6151,
6152,
6153,
6154,
6155,
6156,81082
6157,
6158,
6159,81081
6160,81082
6161,81082
6162,
6163,81091
6164,
6165,
6166,
6167,
6168,81020
6169,81082
6170,81081
6171,81046
6172,81082
6173,
6174,
6175,81091
6176,81042
6177,81091
6178,
6179,
6180,
6181,
6182,81082
6183,81020
6184,
6185,
6186,
6187,
6188,81064
6189,
6190,
6191,
6192,81082
6193,81082
6194,81024
6195,
6196,
6197,
6198,81081
6199,81081
6200,
6201,
6202,81020
6203,
6204,
6205,81082
6206,
6207,81082
6208,
6209,
6210,81082
6211,
6212,81082
6213,
6214,81082
6215,
6216,
6217,
6218,
6219,81082
6220,81082
6221,
6222,
6223,
6224,81081
6225,81081
6226,81046
6227,81081
6228,81081
6229,81082
6230,
6231,
6232,
6233,81046
6234,80026
6235,80026
6236,80026
6237,80026
6238,
6239,84513
6240,
6241,80645
6242,80645
6243,80601
6244,80603
6245,80833
6246,80833
6247,
6248,80833
6249,
6250,80832
6251,
6252,
6253,80828
6254,80828
6255,
6256,80828
6257,80818
6258,
6259,80821
6260,
6261,80821
6262,80818
6263,80818
6264,80823
6265,80821
6266,
6267,
6268,
6269,
6270,
6271,
6272,80818
6273,80818
6274,80818
6275,
6276,
6277,80804
6278,80821
6279,
6280,80804
6281,80818
6282,80821
6283,80804
6284,80804
6285,80804
6286,80821
6287,
6288,80818
6289,80823
6290,80823
6291,81021
6292,81021
6293,81021
6294,
6295,
6296,
6297,
6298,
6299,
6300,80833
6301,81050
6302,81050
6303,81050
6304,81050
6305,81050
6306,81235
6307,80465
6308,80235
6309,80465
6310,80228
6311,80232
6312,80232
6313,80227
6314,80235
6315,80227
6316,80227
6317,80232
6318,80228
6319,80226
6320,80226
6321,80215
6322,80215
6323,80214-1807
6324,80214
6325,80214
6326,80214
6327,80215
6328,80215
6329,81052
6330,81052
6331,81052
6332,81052
6333,81052
6334,81052
6335,81052
6336,81052
6337,80741
6338,
6339,80722
6340,
6341,80722
6342,
6343,
6344,
6345,
6346,
6347,80722
6348,80751
6349,
6350,80722
6351,
6352,
6353,80751
6354,
6355,
6356,80751
6357,80741
6358,80741
6359,
6360,80741
6361,80722
6362,80722
6363,80722
6364,80722
6365,80751
6366,80752
6367,80722
6368,
6369,80722
6370,
6371,
6372,
6373,80751
6374,80751
6375,80752
6376,80752
6377,
6378,
6379,80751
6380,
6381,80751
6382,80752
6383,
6384,
6385,
6386,
6387,80751
6388,
6389,00807
6390,80736
6391,80736
6392,00807
6393,00807
6394,00807
6395,80736
6396,00807
6397,00807
6398,00807
6399,
6400,
6401,
6402,80736
6403,80736
6404,
6405,80736
6406,80736
6407,80736
6408,80736
6409,80736
6410,
6411,
6412,
6413,80726
6414,
6415,
6416,
6417,
6418,80726
6419,80736
6420,
6421,
6422,
6423,
6424,
6425,80747
6426,80726
6427,
6428,
6429,
6430,
6431,80726
6432,
6433,
6434,80741
6435,
6436,
6437,80726
6438,
6439,80747
6440,
6441,80741
6442,80726
6443,80726
6444,80726
6445,
6446,
6447,
6448,80731
6449,
6450,80731
6451,
6452,
6453,
6454,80726
6455,80124
6456,80124-5644
6457,80124-5644
6458,80501-2038
6459,80501-2038
6460,80501-2038
6461,80501-4919
6462,80501-4919
6463,80501-4919
6464,80544
6465,80501
6466,80501
6467,80501
6468,80504
6469,80503
6470,80501-6423
6471,80501-4919
6472,80501-6423
6473,80501-4919
6474,80501-4919
6475,80501-6423
6476,80544
6477,80503
6478,80501-2038
6479,80501
6480,80501-6423
6481,80501-6423
6482,80501-6423
6483,80504
6484,80501-2038
6485,80501-6423
6486,80501-6423
6487,80501-6423
6488,80501-6423
6489,80501
6490,
6491,80501-6423
6492,80504
6493,80501-2038
6494,80501
6495,80501-6423
6496,80027
6497,80027
6498,80027
6499,80537
6500,80538
6501,80537
6502,80537-4228
6503,80610
6504,80537
6505,80537
6506,80537-3147
6507,80538-1160
6508,80534-6438
6509,
6510,
6511,80537
6512,80537
6513,80537
6514,80537-4228
6515,80534-6425
6516,80538
6517,80538
6518,80538-9083
6519,80537
6520,80537
6521,80538
6522,80539-0539
6523,80538-9005
6524,80537
6525,80538-2721
6526,80537
6527,80538
6528,80610
6529,80534-6425
6530,80537
6531,80537
6532,80537
6533,80537
6534,80537
6535,80537-8817
6536,80537-3147
6537,80512
6538,82036
6539,82036
6540,80512
6541,80512
6542,80524
6543,80549
6544,
6545,
6546,80538
6547,80537
6548,80524-4861
6549,80537
6550,80524-4861
6551,80538
6552,
6553,80549
6554,80513-2229
6555,80524
6556,80524
6557,80549
6558,
6559,
6560,80537
6561,80524-1383
6562,80524-1383
6563,80524-2479
6564,80524
6565,80524
6566,80513
6567,80524-4823
6568,80537
6569,80537
6570,80537
6571,
6572,
6573,80524-1058
6574,80521
6575,80549
6576,
6577,80537
6578,80610
6579,80537
6580,
6581,80513
6582,80524
6583,80521
6584,80535-9362
6585,80521
6586,80535-9362
6587,80535-9362
6588,80538
6589,80513
6590,
6591,80537
6592,80537
6593,80513
6594,80610
6595,80538
6596,80538
6597,80610
6598,80535
6599,80538
6600,80538
6601,80538
6602,80538
6603,80538
6604,80538
6605,80538
6606,80538
6607,80538
6608,80538
6609,80512
6610,80538
6611,80538
6612,
6613,
6614,80538
6615,
6616,
6617,80512
6618,80512
6619,80512
6620,80512
6621,80512
6622,80538
6623,80537
6624,
6625,80538
6626,
6627,
6628,80538
6629,80535
6630,80524
6631,80549
6632,80524
6633,80534-6438
6634,80525
6635,
6636,
6637,80538
6638,80538
6639,80525
6640,80528
6641,
6642,
6643,80538
6644,80538
6645,80513
6646,80525-6321
6647,
6648,80525
6649,80515
6650,80515
6651,80515
6652,80515
6653,80515
6654,80515
6655,80515
6656,80532
6657,80515
6658,80515
6659,
6660,
6661,80524
6662,
6663,80536
6664,80536
6665,80536
6666,80536
6667,80536
6668,80536
6669,80524-4757
6670,80524
6671,80521-3225
6672,
6673,80521
6674,80524
6675,80521-3225
6676,80513-2229
6677,80528-9419
6678,80524
6679,80521
6680,80515
6681,80524
6682,80524
6683,80512
6684,80535
6685,80535
6686,80512
6687,80524
6688,80512
6689,80535
6690,80535-9361
6691,80535
6692,
6693,80524
6694,
6695,80524
6696,
6697,80513
6698,80517
6699,80517
6700,80512
6701,
6702,80512
6703,80512
6704,80549
6705,
6706,80549
6707,80549
6708,80549
6709,80517
6710,80517
6711,80513-2229
6712,80549
6713,
6714,80549
6715,80549
6716,80549
6717,
6718,80549
6719,80549
6720,
6721,
6722,80536
6723,
6724,
6725,
6726,
6727,80536
6728,80545
6729,
6730,82036
6731,80549
6732,80612
6733,80549
6734,80549
6735,80549
6736,
6737,
6738,80550
6739,80513
6740,
6741,80515
6742,
6743,
6744,
6745,
6746,80515
6747,
6748,80515
6749,80517-8857
6750,80537
6751,
6752,80537
6753,
6754,80537
6755,80537
6756,80537
6757,
6758,
6759,
6760,
6761,
6762,
6763,80525
6764,80517
6765,80517
6766,80517
6767,
6768,80537
6769,80524-1345
6770,81447
6771,80110
6772,80123-2954
6773,80120
6774,80120
6775,80123-2954
6776,80121
6777,80120
6778,80123-2954
6779,80123-2954
6780,80123-2954
6781,80123-2954
6782,80120
6783,80120
6784,80120
6785,80120
6786,80120
6787,80120
6788,80122
6789,80120
6790,80120
6791,80128
6792,80120
6793,80129
6794,80540
6795,80540
6796,80540
6797,81324
6798,81324
6799,81324
6800,81324
6801,
6802,81433
6803,81433
6804,81235
6805,
6806,
6807,
6808,
6809,81130
6810,
6811,
6812,81125
6813,
6814,81136
6815,
6816,
6817,
6818,
6819,
6820,81040
6821,81019
6822,
6823,81004
6824,
6825,81019
6826,
6827,
6828,
6829,
6830,81019
6831,
6832,81019
6833,
6834,81019
6835,
6836,
6837,
6838,81069
6839,
6840,
6841,
6842,81019
6843,81019
6844,
6845,
6846,
6847,
6848,
6849,
6850,81050
6851,81050
6852,
6853,81059
6854,
6855,81050
6856,81067
6857,
6858,81067
6859,81067
6860,81050
6861,81067
6862,81050
6863,
6864,81050
6865,81050
6866,81067
6867,81059
6868,81050
6869,
6870,81050
6871,
6872,81050
6873,81050
6874,
6875,
6876,
6877,81050
6878,81050
6879,
6880,
6881,81054
6882,
6883,
6884,81052
6885,81052
6886,81052
6887,81052
6888,81047
6889,81303
6890,81328-9151
6891,80829
6892,80829
6893,80829
6894,
6895,
6896,80542
6897,81524
6898,
6899,81521-9717
6900,81521-9717
6901,81521
6902,81521
6903,
6904,81521-9717
6905,81521
6906,81521-9717
6907,81521
6908,81507
6909,81505
6910,81521
6911,
6912,81505
6913,81505
6914,81505
6915,
6916,81505
6917,81505
6918,81505
6919,81505
6920,81505
6921,81505
6922,81505
6923,81505
6924,81505
6925,81505
6926,81505
6927,81502
6928,81503
6929,81504
6930,81504
6931,81504
6932,81504
6933,81504
6934,81504
6935,81504
6936,81504
6937,81520
6938,81520
6939,81520
6940,81520
6941,81520
6942,81520
6943,81520
6944,81520
6945,81526
6946,81526
6947,81526
6948,81526
6949,81526
6950,81526
6951,815XX
6952,81526
6953,81526
6954,81526
6955,81526
6956,81526
6957,
6958,
6959,81527
6960,81603
6961,81603
6962,81630
6963,
6964,81624
6965,81624
6966,81522
6967,
6968,81624
6969,
6970,
6971,
6972,81504
6973,81523
6974,
6975,81504
6976,81526
6977,81520
6978,81526
6979,81526
6980,81505
6981,81526
6982,81526
6983,
6984,81527
6985,81505
6986,81505
6987,
6988,
6989,81505-9447
6990,81505-9447
6991,81505
6992,81505
6993,81521
6994,81521
6995,81505-9447
6996,81521
6997,81521
6998,81624
6999,81521
7000,81521-9717
7001,
7002,81521
7003,51524
7004,81525
7005,81525
7006,81624
7007,81525
7008,81525
7009,81603
7010,
7011,81603
7012,80653
7013,80653
7014,80701
7015,
7016,80701
7017,80701
7018,
7019,80701
7020,80701
7021,80705
7022,80705
7023,80701
7024,80701
7025,
7026,
7027,
7028,
7029,
7030,80701
7031,80701
7032,80701
7033,80701
7034,80701
7035,
7036,
7037,80701
7038,80701
7039,
7040,
7041,
7042,
7043,80723
7044,80750
7045,80723
7046,80750
7047,80723
7048,80723
7049,80723
7050,
7051,
7052,80654
7053,
7054,80723
7055,
7056,
7057,80723
7058,
7059,80723
7060,80750
7061,
7062,80733
7063,80733
7064,80653
7065,80654
7066,
7067,80653
7068,
7069,
7070,
7071,80653
7072,80653
7073,80653
7074,80653
7075,80653
7076,80750
7077,80723
7078,80723
7079,80723
7080,
7081,
7082,
7083,80654
7084,
7085,80654
7086,80701
7087,80705
7088,80701
7089,80654
7090,80701
7091,80723
7092,80705
7093,80654
7094,
7095,
7096,80654
7097,
7098,80723
7099,80654
7100,80701
7101,80705
7102,80723
7103,80705
7104,
7105,
7106,
7107,
7108,80723
7109,
7110,80701
7111,80750
7112,80649
7113,80649
7114,80653
7115,
7116,
7117,
7118,80649
7119,
7120,
7121,80543
7122,81130
7123,
7124,
7125,81130
7126,81645
7127,81645
7128,81645
7129,
7130,81641
7131,
7132,
7133,
7134,
7135,
7136,81610
7137,
7138,81625
7139,81625
7140,
7141,
7142,
7143,
7144,
7145,81625
7146,
7147,
7148,
7149,81625
7150,
7151,81640
7152,81625
7153,
7154,
7155,
7156,
7157,
7158,
7159,
7160,
7161,
7162,
7163,
7164,
7165,81638
7166,81625
7167,
7168,
7169,
7170,81625
7171,81625
7172,81401
7173,81401
7174,81401
7175,80132-7931
7176,80465
7177,80465
7178,81435
7179,8145
7180,81435
7181,8145
7182,81435
7183,81435
7184,81435
7185,8145
7186,81435
7187,8145
7188,81320
7189,
7190,81320
7191,81324
7192,81320
7193,81327
7194,81323
7195,
7196,
7197,81332
7198,
7199,81301
7200,81301
7201,
7202,81154
7203,
7204,81154
7205,81154
7206,81154
7207,81132
7208,81132
7209,
7210,81132
7211,
7212,81144
7213,81135
7214,81132
7215,81125
7216,
7217,81055
7218,81085
7219,
7220,81040
7221,81089
7222,80189
7223,80189
7224,80189
7225,
7226,
7227,81089
7228,81089
7229,81089
7230,80189
7231,80189
7232,80189
7233,
7234,80189
7235,
7236,81089
7237,81089
7238,
7239,81089
7240,81089
7241,81089
7242,81089
7243,80189
7244,81089
7245,
7246,
7247,
7248,80189
7249,
7250,
7251,
7252,
7253,
7254,
7255,
7256,
7257,80189
7258,
7259,80189
7260,
7261,
7262,
7263,81059
7264,81059
7265,81059
7266,81059
7267,81059
7268,81059
7269,81059
7270,
7271,
7272,
7273,
7274,
7275,
7276,81073
7277,81073
7278,
7279,
7280,81052
7281,
7282,
7283,
7284,
7285,
7286,
7287,81047
7288,81047
7289,80234
7290,80234-4154
7291,80241
7292,80233
7293,80233
7294,80023
7295,80023
7296,80023
7297,80026
7298,80020
7299,80020
7300,80020
7301,
7302,
7303,
7304,80020
7305,80026-2872
7306,80020
7307,80026-2872
7308,80026-2872
7309,80026-2872
7310,80026-2872
7311,80026-2872
7312,80027
7313,80027
7314,80027
7315,81327
7316,81323
7317,81321-3299
7318,
7319,81328
7320,81321
7321,81328-9151
7322,81326
7323,81302
7324,81302
7325,81302
7326,81302
7327,81302
7328,81301
7329,81301
7330,81302
7331,81301
7332,81302
7333,81302
7334,81447
7335,
7336,
7337,
7338,
7339,
7340,
7341,
7342,
7343,81140
7344,81101
7345,81101
7346,81140
7347,81101-2322
7348,81140
7349,
7350,81123
7351,81055
7352,
7353,81055
7354,81020
7355,81020
7356,81020
7357,81020
7358,81020
7359,81020
7360,
7361,
7362,
7363,81020
7364,
7365,81020
7366,81020
7367,
7368,
7369,81020
7370,
7371,
7372,
7373,
7374,
7375,
7376,
7377,
7378,
7379,
7380,
7381,81059
7382,
7383,
7384,81082
7385,81046
7386,
7387,
7388,
7389,81049
7390,
7391,
7392,81073
7393,
7394,81073
7395,
7396,81073
7397,81073
7398,
7399,81073
7400,
7401,81073
7402,81087
7403,67802
7404,67802
7405,81425
7406,81410
7407,81418
7408,81418
7409,81418
7410,81039
7411,81039
7412,
7413,81058
7414,81058
7415,81058
7416,81067
7417,81067
7418,81067
7419,81067
7420,81067
7421,81067
7422,81067
7423,81067
7424,81067
7425,81067
7426,81067
7427,81067
7428,81067
7429,81050
7430,81050
7431,
7432,
7433,
7434,
7435,
7436,
7437,81039
7438,81030
7439,81050
7440,81050
7441,
7442,81039
7443,
7444,81058
7445,81067
7446,
7447,81067
7448,81077
7449,81067
7450,81067
7451,81077
7452,
7453,81067
7454,81077
7455,81067
7456,
7457,
7458,81039
7459,
7460,
7461,81067
7462,
7463,
7464,81050
7465,81050
7466,81058
7467,81058
7468,81058
7469,81058
7470,81058
7471,81058
7472,
7473,81058
7474,
7475,81067
7476,81067
7477,81067
7478,
7479,81067
7480,
7481,
7482,81050
7483,
7484,81077
7485,
7486,
7487,81050
7488,
7489,81050
7490,81050
7491,81050
7492,81050
7493,81030
7494,81030
7495,
7496,
7497,81039
7498,81058
7499,81050
7500,
7501,
7502,81067
7503,81050
7504,81067
7505,81077
7506,
7507,81067
7508,81067
7509,
7510,81067
7511,81067
7512,81067
7513,81067
7514,
7515,
7516,
7517,81058
7518,81067
7519,
7520,
7521,81039
7522,81058
7523,81039
7524,81067
7525,
7526,
7527,81050
7528,81427
7529,81437
7530,
7531,81437
7532,81432
7533,81432
7534,81432
7535,81432
7536,81432
7537,81432
7538,81427-9998
7539,
7540,81427-9998
7541,
7542,81427-9998
7543,81427
7544,81432
7545,
7546,81432
7547,81403
7548,81427-9998
7549,81427-9998
7550,81427-9998
7551,81427-9998
7552,
7553,
7554,
7555,
7556,
7557,
7558,
7559,
7560,
7561,
7562,
7563,81303
7564,
7565,81303
7566,
7567,
7568,
7569,
7570,81301
7571,
7572,81301
7573,81301
7574,81137
7575,81122
7576,81122
7577,81122
7578,
7579,81122
7580,
7581,81121
7582,81147
7583,81147
7584,81121
7585,81147
7586,81147
7587,81128
7588,
7589,81147
7590,
7591,
7592,81120
7593,81129
7594,81129
7595,
7596,81120
7597,
7598,
7599,81141
7600,81141
7601,
7602,
7603,81153
7604,81153
7605,
7606,81091
7607,
7608,
7609,
7610,81091
7611,81091
7612,
7613,81091
7614,
7615,
7616,81082
7617,81082
7618,81082
7619,81082
7620,81082
7621,81082
7622,81082
7623,81082
7624,81082
7625,81082
7626,81082
7627,81082
7628,
7629,
7630,81082
7631,
7632,
7633,81082
7634,81082
7635,81082
7636,81082
7637,81082
7638,81082
7639,81082
7640,81082
7641,81082
7642,
7643,81046
7644,81082
7645,81082
7646,81082
7647,81082
7648,81082
7649,
7650,81082
7651,81082
7652,81082
7653,81082
7654,81082
7655,81082
7656,
7657,81082
7658,
7659,
7660,
7661,
7662,
7663,81027
7664,
7665,
7666,
7667,81027
7668,81027
7669,81027
7670,
7671,
7672,
7673,80902
7674,80902
7675,80913
7676,80913
7677,80913
7678,80926
7679,80475
7680,80440
7681,
7682,80827
7683,
7684,80421
7685,80456
7686,
7687,80456
7688,
7689,
7690,
7691,
7692,80475
7693,
7694,81447
7695,80133
7696,80133
7697,80138
7698,80138
7699,80138
7700,80134
7701,80134
7702,80134
7703,80134
7704,80134
7705,80134
7706,80134
7707,80134
7708,80134
7709,80138
7710,80134
7711,80134
7712,80134
7713,80134
7714,80134
7715,80134
7716,80134
7717,80138
7718,80134
7719,80138
7720,80134
7721,80138
7722,80138
7723,80138
7724,80138
7725,80138
7726,80134
7727,80138
7728,80134
7729,80134
7730,80138
7731,81635
7732,81635
7733,80475
7734,
7735,80731
7736,
7737,80746
7738,80746
7739,80746
7740,80734
7741,80734
7742,
7743,
7744,80734
7745,
7746,80734
7747,
7748,
7749,
7750,81623
7751,
7752,
7753,81642
7754,81654
7755,81654
7756,81615
7757,81611
7758,81612
7759,81611
7760,81654
7761,81656
7762,81611
7763,81611
7764,81611
7765,81642
7766,81642
7767,
7768,81612
7769,81612
7770,81612
7771,81241
7772,81620
7773,80651
7774,80651
7775,80651
7776,80651
7777,81242
7778,81242
7779,81052
7780,81052
7781,81052
7782,81052
7783,
7784,
7785,
7786,
7787,
7788,
7789,
7790,
7791,
7792,81052
7793,81041
7794,81041
7795,81052
7796,
7797,81052
7798,81041
7799,81084
7800,81084
7801,81041
7802,81047
7803,81041
7804,81041
7805,
7806,81047
7807,
7808,81043
7809,
7810,81092
7811,81092
7812,81052
7813,81043
7814,
7815,81047
7816,
7817,
7818,
7819,81047
7820,81047
7821,81047
7822,81047
7823,81052
7824,81052
7825,81052
7826,
7827,
7828,81052
7829,81052
7830,81052
7831,
7832,
7833,81041
7834,81047
7835,
7836,81043
7837,
7838,81052
7839,81052
7840,
7841,81043
7842,81047
7843,
7844,
7845,81052
7846,81052
7847,81052
7848,81052
7849,
7850,81092
7851,
7852,81047
7853,81052
7854,
7855,81092
7856,
7857,81092
7858,
7859,
7860,81052
7861,
7862,81052
7863,
7864,
7865,
7866,
7867,
7868,
7869,
7870,81006
7871,81006
7872,81023
7873,
7874,81023
7875,81006
7876,81069
7877,81022
7878,
7879,81019
7880,81001
7881,81069
7882,81023
7883,81069
7884,81023
7885,81025
7886,81019
7887,81019
7888,81006
7889,81023
7890,
7891,81023
7892,
7893,81023
7894,81019
7895,81019
7896,81023
7897,81001
7898,81022
7899,
7900,81006
7901,
7902,
7903,
7904,81039
7905,
7906,
7907,
7908,
7909,81001
7910,81006
7911,81069
7912,81019
7913,81022
7914,81022
7915,81004
7916,81069
7917,81008
7918,81005
7919,81022
7920,
7921,81005
7922,81004
7923,81008
7924,
7925,
7926,81023
7927,
7928,81023
7929,
7930,
7931,
7932,
7933,81023
7934,81023
7935,81023
7936,81003
7937,81003
7938,81003
7939,81003
7940,81008
7941,81008
7942,81003
7943,81001
7944,81004
7945,81003
7946,81003
7947,81008
7948,81008
7949,81008
7950,81003
7951,81003
7952,81003
7953,81008
7954,81003
7955,81004
7956,81003
7957,81004
7958,81003
7959,81008
7960,
7961,
7962,
7963,
7964,81008
7965,81001
7966,81008
7967,81003
7968,81003
7969,81003
7970,81003
7971,81003
7972,81003
7973,81650
7974,81649
7975,81649
7976,81649
7977,81649
7978,81649
7979,81067
7980,81067
7981,81067
7982,81144
7983,
7984,
7985,
7986,81132
7987,81144
7988,81144
7989,81132
7990,
7991,81144
7992,
7993,81135
7994,81135
7995,81125
7996,81125
7997,81144
7998,
7999,81101
8000,81132
8001,81144
8002,
8003,
8004,
8005,
8006,81132
8007,81132
8008,
8009,81125
8010,81125
8011,81144
8012,81144
8013,81144
8014,81144
8015,
8016,81144
8017,
8018,81125
8019,
8020,
8021,
8022,
8023,
8024,81132
8025,81132
8026,
8027,81132
8028,81132
8029,
8030,
8031,81132
8032,81132
8033,81332
8034,81332
8035,
8036,
8037,
8038,
8039,
8040,
8041,
8042,81641
8043,
8044,
8045,81641
8046,
8047,
8048,
8049,
8050,
8051,
8052,81648
8053,
8054,
8055,
8056,
8057,
8058,81641
8059,
8060,
8061,81648
8062,81648
8063,
8064,81244
8065,81244
8066,
8067,
8068,
8069,81149
8070,
8071,81149
8072,81149
8073,81132
8074,81132
8075,
8076,81125
8077,
8078,81155
8079,
8080,81149
8081,
8082,81153
8083,81153
8084,80737
8085,
8086,
8087,80744
8088,80737
8089,
8090,
8091,
8092,
8093,
8094,
8095,
8096,
8097,
8098,80744
8099,80744
8100,
8101,
8102,80737
8103,
8104,
8105,
8106,80744
8107,80744
8108,
8109,
8110,
8111,
8112,80737
8113,
8114,80749
8115,80749
8116,
8117,
8118,
8119,80737
8120,80749
8121,
8122,
8123,80546
8124,80546
8125,80110
8126,80110
8127,80236
8128,80236-6186
8129,81433
8130,81433
8131,80497
8132,80497
8133,80497
8134,80497
8135,
8136,
8137,
8138,
8139,81433
8140,80476
8141,80476
8142,80476
8143,
8144,
8145,
8146,
8147,
8148,
8149,
8150,81430
8151,81430
8152,81435
8153,81430
8154,81430
8155,81430
8156,
8157,
8158,
8159,81435
8160,
8161,
8162,
8163,
8164,
8165,
8166,
8167,81325
8168,81435
8169,
8170,
8171,
8172,
8173,
8174,81615
8175,81615
8176,81615
8177,81615
8178,81154
8179,81635
8180,80121
8181,80752
8182,80752
8183,80027
8184,80027
8185,80027
8186,80027
8187,80027
8188,80027
8189,80902
8190,80913
8191,80913
8192,80913
8193,80913
8194,80913
8195,80817
8196,80902
8197,80902
8198,
8199,80816
8200,80820
8201,80863
8202,
8203,
8204,
8205,
8206,
8207,
8208,81435
8209,8145
8210,81435
8211,81435
8212,81430
8213,8145
8214,81435
8215,80229-7923
8216,80229-7923
8217,80229-7923
8218,80241
8219,80234-4201
8220,80602
8221,80614
8222,80023
8223,80614
8224,80023
8225,80023
8226,80023
8227,80023
8228,
8229,80241
8230,80614
8231,
8232,
8233,
8234,
8235,80640
8236,80602
8237,80602
8238,80229-7923
8239,80602
8240,80260
8241,80602
8242,80229
8243,80023
8244,80023
8245,80023
8246,80614
8247,80023
8248,80550
8249,80547
8250,80547
8251,80528
8252,81082
8253,81082
8254,81082
8255,81082
8256,81082
8257,81657
8258,
8259,
8260,81657
8261,81657
8262,
8263,81645
8264,81645
8265,
8266,
8267,81657
8268,
8269,
8270,81657
8271,81657
8272,81657
8273,81657
8274,81657
8275,81657
8276,81089
8277,80501-6423
8278,80513
8279,80603
8280,80603
8281,80603
8282,80642
8283,
8284,80515
8285,80513
8286,80515
8287,80516
8288,80516
8289,
8290,80642
8291,80603
8292,80603
8293,
8294,
8295,80642
8296,80642
8297,80621
8298,80513
8299,
8300,80621
8301,80621
8302,80643
8303,
8304,
8305,80621
8306,80621
8307,80621
8308,80621
8309,80642
8310,80642
8311,80621
8312,80504-6311
8313,
8314,80621
8315,80651
8316,80534
8317,80504-6311
8318,80534
8319,80534-6438
8320,80534
8321,80621
8322,80621
8323,
8324,80534-6438
8325,
8326,80504
8327,
8328,80534
8329,80520
8330,80520
8331,80534
8332,80620
8333,80652
8334,80621
8335,
8336,80543
8337,
8338,
8339,
8340,
8341,
8342,80546
8343,80620
8344,80621
8345,80520
8346,80642
8347,80620
8348,80621
8349,
8350,80621
8351,80621
8352,80621
8353,80550
8354,80620
8355,80620
8356,80543
8357,80623
8358,80504-5510
8359,80620
8360,80634
8361,80364
8362,
8363,80615
8364,80543
8365,80651
8366,80651
8367,80623
8368,80631
8369,80615
8370,80650
8371,80650
8372,80650
8373,80650
8374,80650
8375,80651
8376,80631
8377,
8378,80623
8379,80623
8380,80650
8381,
8382,80615
8383,80650
8384,80623
8385,80623
8386,80634-8412
8387,80631
8388,80648
8389,80615
8390,80650
8391,80651
8392,
8393,80651
8394,80623
8395,80623
8396,80645
8397,80634-9998
8398,80615
8399,80646
8400,80631
8401,80623
8402,80623
8403,80646
8404,80648
8405,80615
8406,80650
8407,
8408,
8409,
8410,
8411,
8412,80646
8413,
8414,
8415,80645
8416,
8417,
8418,80646
8419,80648
8420,80645
8421,80645
8422,
8423,80631
8424,80646
8425,80615
8426,80615
8427,
8428,80615
8429,80610
8430,80631
8431,80615
8432,80534
8433,80623
8434,80645
8435,
8436,
8437,80645
8438,80642
8439,
8440,
8441,80631
8442,
8443,80642
8444,80631
8445,80615
8446,80631
8447,80645
8448,
8449,
8450,80631
8451,80615
8452,
8453,80631
8454,
8455,80543
8456,
8457,80642
8458,80631
8459,80622
8460,
8461,80631
8462,80615
8463,80534
8464,
8465,80644
8466,80644
8467,
8468,80644
8469,80645
8470,
8471,80615
8472,80622
8473,80622
8474,80543
8475,80543
8476,80534
8477,80631
8478,
8479,80644
8480,
8481,80631
8482,80631
8483,80615
8484,80631
8485,80534
8486,80631-6948
8487,80631
8488,
8489,80631
8490,20343
8491,80644
8492,80624
8493,80622
8494,
8495,80534
8496,80644
8497,80610
8498,80610
8499,
8500,
8501,80631
8502,80631
8503,80631
8504,
8505,80644
8506,80624
8507,
8508,80624
8509,
8510,80644
8511,80644
8512,80624
8513,80624
8514,80631
8515,80624
8516,80631
8517,
8518,80631
8519,80631
8520,80631
8521,80729
8522,80624
8523,80624
8524,80624
8525,
8526,80550
8527,
8528,
8529,80615
8530,80646
8531,80615
8532,80615
8533,80622
8534,80622
8535,80622
8536,80622
8537,80615
8538,80615
8539,80615
8540,80615
8541,80652
8542,80615
8543,80615
8544,80622
8545,80622
8546,80546
8547,80615
8548,80615
8549,80615
8550,80622
8551,80546
8552,80611
8553,80611
8554,80611
8555,
8556,80615
8557,
8558,80615
8559,80615
8560,80615
8561,80611
8562,80611
8563,
8564,
8565,
8566,
8567,
8568,
8569,80610
8570,
8571,80650
8572,80650
8573,80650
8574,80610
8575,
8576,
8577,
8578,
8579,80650
8580,80650
8581,80650
8582,80650
8583,80650
8584,80650
8585,80610
8586,
8587,
8588,80648
8589,
8590,80648
8591,80648
8592,80648
8593,80610
8594,80648
8595,80648
8596,80648
8597,80648
8598,
8599,
8600,
8601,80612
8602,80612
8603,
8604,
8605,
8606,80742
8607,80732
8608,80754
8609,
8610,80534
8611,80549
8612,80549
8613,80549
8614,80549
8615,80549
8616,80549
8617,80549
8618,81650
8619,81244
8620,80550
8621,80550-5129
8622,80550
8623,80550-5129
8624,80550-5129
8625,80550
8626,80863
8627,80863
8628,80021
8629,80020-3329
8630,80021
8631,80031
8632,80021
8633,80020
8634,80020-3329
8635,80031
8636,80021
8637,80021
8638,80005
8639,80030
8640,80030
8641,80003
8642,80003
8643,80003
8644,80030
8645,80031
8646,80031
8647,80021
8648,80020-3329
8649,80031
8650,80021
8651,80021
8652,80021
8653,80021
8654,80021
8655,80021
8656,80021
8657,80020-3329
8658,80020-3329
8659,80020
8660,80020-3329
8661,80020-3329
8662,80234
8663,80234
8664,80234-4201
8665,80234-4201
8666,80234-4201
8667,80020-3329
8668,80021
8669,80234-4201
8670,80023
8671,80023
8672,80023
8673,
8674,
8675,
8676,80815
8677,80720
8678,80740
8679,
8680,80740
8681,
8682,80757
8683,
8684,
8685,80720
8686,80733
8687,80733
8688,
8689,
8690,
8691,
8692,
8693,
8694,80815
8695,80757
8696,80720
8697,80720
8698,80720
8699,80720
8700,80720
8701,80720
8702,80743
8703,80815
8704,
8705,80757
8706,80757
8707,
8708,
8709,
8710,
8711,
8712,80720
8713,
8714,80740
8715,80740
8716,
8717,80740
8718,80740
8719,
8720,80033
8721,80033
8722,80033
8723,80033-2251
8724,80033
8725,80033
8726,80033
8727,80033
8728,80033
8729,80033
8730,80033-2251
8731,
8732,80807
8733,80735
8734,
8735,80758
8736,
8737,80735
8738,80824
8739,80735
8740,80759
8741,80759
8742,80735
8743,
8744,
8745,80822
8746,80758
8747,80758
8748,80758
8749,80758
8750,80735
8751,80735
8752,
8753,80822
8754,80758
8755,
8756,
8757,
8758,80824
8759,80824
8760,80807
8761,80807
